-- MySQL dump 10.13  Distrib 8.0.39, for Linux (x86_64)
--
-- Host: localhost    Database: bob_ross_paintings
-- ------------------------------------------------------
-- Server version	8.0.39-0ubuntu0.22.04.1

/*!40101 SET @OLD_CHARACTER_SET_CLIENT=@@CHARACTER_SET_CLIENT */;
/*!40101 SET @OLD_CHARACTER_SET_RESULTS=@@CHARACTER_SET_RESULTS */;
/*!40101 SET @OLD_COLLATION_CONNECTION=@@COLLATION_CONNECTION */;
/*!50503 SET NAMES utf8mb4 */;
/*!40103 SET @OLD_TIME_ZONE=@@TIME_ZONE */;
/*!40103 SET TIME_ZONE='+00:00' */;
/*!40014 SET @OLD_UNIQUE_CHECKS=@@UNIQUE_CHECKS, UNIQUE_CHECKS=0 */;
/*!40014 SET @OLD_FOREIGN_KEY_CHECKS=@@FOREIGN_KEY_CHECKS, FOREIGN_KEY_CHECKS=0 */;
/*!40101 SET @OLD_SQL_MODE=@@SQL_MODE, SQL_MODE='NO_AUTO_VALUE_ON_ZERO' */;
/*!40111 SET @OLD_SQL_NOTES=@@SQL_NOTES, SQL_NOTES=0 */;

--
-- Table structure for table `colors`
--

DROP TABLE IF EXISTS `colors`;
/*!40101 SET @saved_cs_client     = @@character_set_client */;
/*!50503 SET character_set_client = utf8mb4 */;
CREATE TABLE `colors` (
  `color_id` int NOT NULL AUTO_INCREMENT,
  `color_name` varchar(255) NOT NULL,
  `color_hex` varchar(7) NOT NULL,
  PRIMARY KEY (`color_id`),
  UNIQUE KEY `color_name` (`color_name`)
) ENGINE=InnoDB AUTO_INCREMENT=19 DEFAULT CHARSET=utf8mb4 COLLATE=utf8mb4_0900_ai_ci;
/*!40101 SET character_set_client = @saved_cs_client */;

--
-- Dumping data for table `colors`
--

LOCK TABLES `colors` WRITE;
/*!40000 ALTER TABLE `colors` DISABLE KEYS */;
INSERT INTO `colors` VALUES (1,'Alizarin_Crimson','#4E1500'),(2,'Black_Gesso','#000000'),(3,'Bright_Red','#DB0000'),(4,'Burnt_Umber','#8A3324'),(5,'Cadmium_Yellow','#FFEC00'),(6,'Dark_Sienna','#5E2605'),(7,'Indian_Red','#CD5C5C'),(8,'Indian_Yellow','#FFB800'),(9,'Liquid_Black','#0A0A0A'),(10,'Liquid_Clear','#FFFFFF'),(11,'Midnight_Black','#000E1A'),(12,'Phthalo_Blue','#021E44'),(13,'Phthalo_Green','#102E3C'),(14,'Prussian_Blue','#021E44'),(15,'Sap_Green','#0A3410'),(16,'Titanium_White','#FFFFFF'),(17,'Van_Dyke_Brown','#221B15'),(18,'Yellow_Ochre','#C7A317');
/*!40000 ALTER TABLE `colors` ENABLE KEYS */;
UNLOCK TABLES;

--
-- Table structure for table `episode_subjects`
--

DROP TABLE IF EXISTS `episode_subjects`;
/*!40101 SET @saved_cs_client     = @@character_set_client */;
/*!50503 SET character_set_client = utf8mb4 */;
CREATE TABLE `episode_subjects` (
  `episode_id` int NOT NULL,
  `subject_id` int NOT NULL,
  PRIMARY KEY (`episode_id`,`subject_id`),
  KEY `subject_id` (`subject_id`),
  CONSTRAINT `episode_subjects_ibfk_1` FOREIGN KEY (`episode_id`) REFERENCES `episodes` (`episode_id`),
  CONSTRAINT `episode_subjects_ibfk_2` FOREIGN KEY (`subject_id`) REFERENCES `subjects` (`subject_id`)
) ENGINE=InnoDB DEFAULT CHARSET=utf8mb4 COLLATE=utf8mb4_0900_ai_ci;
/*!40101 SET character_set_client = @saved_cs_client */;

--
-- Dumping data for table `episode_subjects`
--

LOCK TABLES `episode_subjects` WRITE;
/*!40000 ALTER TABLE `episode_subjects` DISABLE KEYS */;
INSERT INTO `episode_subjects` VALUES (216,1),(104,2),(376,2),(37,3),(62,3),(65,3),(75,3),(85,3),(136,3),(139,3),(142,3),(185,3),(204,3),(246,3),(249,3),(278,3),(353,3),(358,3),(369,3),(402,3),(9,4),(44,4),(106,4),(110,4),(116,4),(127,4),(140,4),(148,4),(152,4),(176,4),(188,4),(203,4),(212,4),(230,4),(243,4),(253,4),(268,4),(273,4),(284,4),(298,4),(309,4),(336,4),(347,4),(362,4),(373,4),(387,4),(400,4),(90,5),(309,5),(32,6),(121,6),(216,6),(241,6),(257,6),(311,6),(397,6),(216,7),(1,8),(4,8),(8,8),(10,8),(13,8),(14,8),(17,8),(18,8),(19,8),(21,8),(24,8),(26,8),(27,8),(35,8),(36,8),(38,8),(41,8),(42,8),(45,8),(48,8),(49,8),(53,8),(63,8),(66,8),(67,8),(70,8),(73,8),(74,8),(77,8),(84,8),(86,8),(87,8),(89,8),(91,8),(93,8),(95,8),(97,8),(100,8),(107,8),(108,8),(109,8),(111,8),(113,8),(115,8),(116,8),(118,8),(123,8),(124,8),(126,8),(132,8),(134,8),(136,8),(137,8),(138,8),(143,8),(145,8),(147,8),(149,8),(150,8),(153,8),(154,8),(155,8),(157,8),(158,8),(160,8),(165,8),(166,8),(170,8),(174,8),(183,8),(192,8),(199,8),(200,8),(206,8),(222,8),(223,8),(227,8),(231,8),(239,8),(242,8),(247,8),(257,8),(260,8),(269,8),(274,8),(275,8),(279,8),(288,8),(291,8),(293,8),(295,8),(299,8),(300,8),(306,8),(310,8),(313,8),(317,8),(318,8),(325,8),(326,8),(329,8),(330,8),(342,8),(348,8),(352,8),(355,8),(359,8),(363,8),(365,8),(366,8),(367,8),(372,8),(375,8),(377,8),(378,8),(381,8),(388,8),(390,8),(392,8),(396,8),(2,9),(3,9),(6,9),(17,9),(27,9),(30,9),(35,9),(40,9),(43,9),(46,9),(67,9),(74,9),(79,9),(82,9),(93,9),(94,9),(96,9),(98,9),(103,9),(104,9),(109,9),(112,9),(119,9),(128,9),(130,9),(132,9),(144,9),(149,9),(158,9),(160,9),(167,9),(187,9),(189,9),(191,9),(193,9),(197,9),(198,9),(210,9),(213,9),(224,9),(238,9),(257,9),(259,9),(265,9),(267,9),(281,9),(282,9),(287,9),(295,9),(297,9),(302,9),(303,9),(312,9),(323,9),(327,9),(331,9),(344,9),(345,9),(346,9),(349,9),(364,9),(372,9),(375,9),(376,9),(380,9),(385,9),(389,9),(392,9),(395,9),(101,10),(233,10),(271,10),(324,10),(43,11),(93,11),(12,12),(21,12),(22,12),(31,12),(72,12),(75,12),(76,12),(81,12),(96,12),(105,12),(117,12),(126,12),(139,12),(149,12),(152,12),(159,12),(160,12),(173,12),(175,12),(179,12),(183,12),(187,12),(195,12),(230,12),(233,12),(254,12),(324,12),(386,12),(34,13),(44,13),(106,13),(253,13),(268,13),(281,13),(298,13),(307,13),(2,14),(4,14),(9,14),(12,14),(16,14),(17,14),(19,14),(20,14),(21,14),(24,14),(26,14),(28,14),(31,14),(34,14),(35,14),(39,14),(41,14),(43,14),(44,14),(48,14),(50,14),(53,14),(54,14),(58,14),(62,14),(63,14),(65,14),(67,14),(68,14),(71,14),(72,14),(74,14),(75,14),(76,14),(77,14),(78,14),(79,14),(80,14),(81,14),(82,14),(84,14),(85,14),(87,14),(88,14),(89,14),(90,14),(93,14),(96,14),(97,14),(100,14),(101,14),(102,14),(103,14),(105,14),(106,14),(107,14),(108,14),(110,14),(113,14),(115,14),(116,14),(117,14),(118,14),(119,14),(120,14),(122,14),(123,14),(126,14),(127,14),(129,14),(130,14),(132,14),(134,14),(135,14),(136,14),(137,14),(138,14),(139,14),(140,14),(141,14),(142,14),(145,14),(146,14),(148,14),(149,14),(150,14),(152,14),(153,14),(155,14),(158,14),(159,14),(160,14),(161,14),(163,14),(164,14),(166,14),(168,14),(170,14),(173,14),(174,14),(175,14),(176,14),(178,14),(179,14),(181,14),(182,14),(183,14),(184,14),(187,14),(188,14),(189,14),(190,14),(191,14),(195,14),(196,14),(198,14),(199,14),(200,14),(203,14),(205,14),(207,14),(212,14),(214,14),(222,14),(223,14),(224,14),(229,14),(230,14),(233,14),(236,14),(243,14),(245,14),(247,14),(248,14),(252,14),(253,14),(254,14),(256,14),(263,14),(268,14),(270,14),(271,14),(274,14),(277,14),(283,14),(284,14),(289,14),(290,14),(298,14),(304,14),(305,14),(309,14),(312,14),(317,14),(321,14),(322,14),(324,14),(328,14),(331,14),(336,14),(337,14),(342,14),(345,14),(347,14),(354,14),(362,14),(364,14),(370,14),(373,14),(375,14),(380,14),(383,14),(385,14),(386,14),(387,14),(392,14),(393,14),(398,14),(401,14),(2,15),(3,15),(4,15),(6,15),(8,15),(10,15),(12,15),(13,15),(14,15),(15,15),(17,15),(20,15),(21,15),(24,15),(26,15),(27,15),(30,15),(31,15),(38,15),(39,15),(40,15),(42,15),(43,15),(44,15),(47,15),(48,15),(49,15),(50,15),(52,15),(53,15),(55,15),(56,15),(66,15),(68,15),(71,15),(72,15),(73,15),(74,15),(78,15),(81,15),(82,15),(88,15),(92,15),(96,15),(97,15),(98,15),(99,15),(100,15),(102,15),(103,15),(104,15),(105,15),(107,15),(108,15),(109,15),(111,15),(117,15),(118,15),(119,15),(120,15),(123,15),(126,15),(128,15),(129,15),(131,15),(132,15),(133,15),(135,15),(137,15),(138,15),(141,15),(145,15),(146,15),(149,15),(150,15),(151,15),(153,15),(154,15),(155,15),(156,15),(158,15),(160,15),(163,15),(164,15),(166,15),(167,15),(168,15),(169,15),(170,15),(171,15),(172,15),(174,15),(175,15),(177,15),(182,15),(183,15),(187,15),(189,15),(191,15),(195,15),(196,15),(198,15),(199,15),(200,15),(202,15),(204,15),(209,15),(214,15),(215,15),(217,15),(220,15),(222,15),(224,15),(227,15),(238,15),(239,15),(241,15),(242,15),(246,15),(247,15),(248,15),(249,15),(250,15),(252,15),(254,15),(256,15),(257,15),(259,15),(260,15),(261,15),(262,15),(263,15),(266,15),(267,15),(269,15),(270,15),(272,15),(275,15),(276,15),(280,15),(282,15),(283,15),(285,15),(286,15),(287,15),(289,15),(291,15),(293,15),(294,15),(296,15),(297,15),(300,15),(303,15),(304,15),(305,15),(308,15),(310,15),(311,15),(312,15),(313,15),(315,15),(317,15),(318,15),(321,15),(323,15),(326,15),(328,15),(330,15),(331,15),(333,15),(337,15),(338,15),(339,15),(340,15),(342,15),(343,15),(344,15),(345,15),(346,15),(349,15),(351,15),(352,15),(353,15),(354,15),(357,15),(360,15),(363,15),(365,15),(366,15),(367,15),(370,15),(372,15),(375,15),(376,15),(377,15),(380,15),(382,15),(383,15),(384,15),(385,15),(386,15),(388,15),(389,15),(390,15),(391,15),(392,15),(393,15),(395,15),(396,15),(399,15),(401,15),(402,15),(14,16),(16,16),(17,16),(19,16),(20,16),(22,16),(24,16),(26,16),(28,16),(34,16),(35,16),(39,16),(41,16),(43,16),(44,16),(50,16),(53,16),(54,16),(63,16),(71,16),(74,16),(82,16),(84,16),(85,16),(87,16),(90,16),(102,16),(106,16),(108,16),(110,16),(115,16),(116,16),(118,16),(122,16),(123,16),(130,16),(135,16),(136,16),(137,16),(138,16),(142,16),(145,16),(146,16),(148,16),(150,16),(155,16),(163,16),(164,16),(166,16),(170,16),(174,16),(176,16),(178,16),(182,16),(184,16),(188,16),(190,16),(191,16),(196,16),(199,16),(200,16),(207,16),(212,16),(221,16),(222,16),(223,16),(229,16),(236,16),(243,16),(245,16),(247,16),(248,16),(252,16),(256,16),(268,16),(270,16),(274,16),(283,16),(289,16),(321,16),(336,16),(345,16),(362,16),(370,16),(383,16),(385,16),(1,17),(5,17),(7,17),(10,17),(11,17),(13,17),(14,17),(16,17),(17,17),(18,17),(19,17),(22,17),(23,17),(24,17),(25,17),(27,17),(29,17),(31,17),(32,17),(33,17),(35,17),(36,17),(37,17),(38,17),(39,17),(41,17),(43,17),(45,17),(46,17),(47,17),(51,17),(54,17),(56,17),(57,17),(59,17),(60,17),(62,17),(63,17),(65,17),(66,17),(67,17),(69,17),(70,17),(76,17),(77,17),(78,17),(79,17),(80,17),(81,17),(82,17),(84,17),(85,17),(86,17),(87,17),(90,17),(91,17),(93,17),(94,17),(95,17),(96,17),(98,17),(99,17),(102,17),(104,17),(108,17),(111,17),(112,17),(115,17),(116,17),(117,17),(118,17),(120,17),(121,17),(123,17),(124,17),(125,17),(126,17),(128,17),(129,17),(130,17),(132,17),(134,17),(136,17),(137,17),(138,17),(139,17),(142,17),(143,17),(144,17),(146,17),(147,17),(149,17),(150,17),(153,17),(155,17),(157,17),(159,17),(160,17),(161,17),(162,17),(165,17),(166,17),(167,17),(172,17),(173,17),(175,17),(178,17),(179,17),(180,17),(181,17),(182,17),(183,17),(184,17),(185,17),(189,17),(190,17),(192,17),(193,17),(194,17),(196,17),(197,17),(198,17),(205,17),(206,17),(208,17),(210,17),(211,17),(213,17),(214,17),(216,17),(217,17),(218,17),(219,17),(223,17),(225,17),(226,17),(228,17),(229,17),(231,17),(232,17),(234,17),(235,17),(236,17),(237,17),(240,17),(242,17),(244,17),(245,17),(246,17),(248,17),(250,17),(251,17),(255,17),(257,17),(258,17),(259,17),(262,17),(264,17),(265,17),(268,17),(274,17),(277,17),(278,17),(279,17),(281,17),(287,17),(288,17),(290,17),(291,17),(292,17),(293,17),(295,17),(296,17),(297,17),(299,17),(301,17),(302,17),(303,17),(304,17),(306,17),(307,17),(308,17),(311,17),(312,17),(314,17),(316,17),(319,17),(320,17),(321,17),(325,17),(327,17),(329,17),(330,17),(332,17),(333,17),(334,17),(339,17),(341,17),(344,17),(346,17),(348,17),(349,17),(350,17),(353,17),(355,17),(356,17),(358,17),(359,17),(361,17),(364,17),(368,17),(369,17),(371,17),(372,17),(378,17),(379,17),(381,17),(382,17),(384,17),(386,17),(389,17),(394,17),(397,17),(398,17),(401,17),(402,17),(403,17),(50,18),(90,19),(200,20),(343,21),(3,22),(9,22),(37,22),(75,22),(98,22),(112,22),(119,22),(133,22),(142,22),(173,22),(185,22),(204,22),(210,22),(241,22),(246,22),(249,22),(287,22),(312,22),(319,22),(325,22),(327,22),(343,22),(346,22),(356,22),(36,23),(273,24),(55,25),(133,25),(207,25),(213,25),(217,25),(221,25),(264,25),(274,25),(276,25),(330,25),(344,25),(374,25),(67,26),(68,26),(92,26),(109,26),(144,26),(174,26),(181,26),(196,26),(199,26),(209,26),(219,26),(228,26),(251,26),(260,26),(262,26),(318,26),(326,26),(339,26),(346,26),(351,26),(360,26),(361,26),(402,26),(43,27),(93,27),(100,27),(109,27),(126,27),(128,27),(136,27),(138,27),(155,27),(159,27),(168,27),(172,27),(174,27),(178,27),(181,27),(187,27),(192,27),(200,27),(204,27),(208,27),(209,27),(213,27),(216,27),(222,27),(229,27),(231,27),(237,27),(241,27),(251,27),(265,27),(271,27),(277,27),(280,27),(282,27),(284,27),(290,27),(295,27),(299,27),(303,27),(308,27),(309,27),(314,27),(322,27),(333,27),(339,27),(344,27),(347,27),(366,27),(367,27),(379,27),(384,27),(395,27),(400,27),(1,28),(13,28),(14,28),(18,28),(19,28),(20,28),(23,28),(24,28),(25,28),(29,28),(41,28),(42,28),(46,28),(47,28),(49,28),(51,28),(52,28),(54,28),(57,28),(58,28),(59,28),(60,28),(63,28),(65,28),(66,28),(67,28),(69,28),(71,28),(72,28),(74,28),(75,28),(78,28),(80,28),(88,28),(92,28),(93,28),(94,28),(95,28),(97,28),(99,28),(108,28),(115,28),(117,28),(119,28),(120,28),(128,28),(130,28),(131,28),(135,28),(137,28),(143,28),(144,28),(146,28),(149,28),(150,28),(151,28),(153,28),(154,28),(155,28),(157,28),(159,28),(161,28),(162,28),(164,28),(169,28),(171,28),(172,28),(176,28),(180,28),(181,28),(182,28),(184,28),(185,28),(189,28),(190,28),(192,28),(193,28),(195,28),(197,28),(207,28),(210,28),(211,28),(217,28),(220,28),(221,28),(223,28),(225,28),(226,28),(228,28),(236,28),(239,28),(240,28),(242,28),(247,28),(249,28),(255,28),(272,28),(277,28),(279,28),(281,28),(286,28),(288,28),(289,28),(292,28),(294,28),(295,28),(296,28),(303,28),(304,28),(309,28),(311,28),(321,28),(326,28),(327,28),(328,28),(329,28),(330,28),(333,28),(342,28),(348,28),(350,28),(356,28),(357,28),(358,28),(361,28),(363,28),(364,28),(367,28),(368,28),(369,28),(371,28),(373,28),(378,28),(379,28),(385,28),(389,28),(393,28),(394,28),(396,28),(399,28),(401,28),(403,28),(39,29),(43,29),(50,29),(55,29),(58,29),(61,29),(64,29),(83,29),(87,29),(102,29),(126,29),(179,29),(201,29),(205,29),(217,29),(221,29),(308,29),(317,29),(348,29),(374,29),(386,29),(401,29),(229,30),(222,31),(31,32),(51,32),(66,32),(78,32),(118,32),(120,32),(157,32),(205,32),(217,32),(221,32),(277,32),(287,32),(291,32),(309,32),(336,32),(347,32),(353,32),(383,32),(4,33),(6,33),(7,33),(8,33),(10,33),(11,33),(12,33),(14,33),(15,33),(17,33),(18,33),(20,33),(21,33),(25,33),(26,33),(27,33),(31,33),(33,33),(36,33),(37,33),(38,33),(39,33),(40,33),(41,33),(43,33),(45,33),(47,33),(48,33),(51,33),(52,33),(53,33),(54,33),(56,33),(57,33),(63,33),(67,33),(68,33),(73,33),(77,33),(80,33),(84,33),(87,33),(89,33),(90,33),(93,33),(95,33),(102,33),(104,33),(107,33),(118,33),(123,33),(125,33),(126,33),(130,33),(137,33),(138,33),(141,33),(142,33),(146,33),(149,33),(157,33),(158,33),(165,33),(167,33),(169,33),(170,33),(179,33),(180,33),(182,33),(187,33),(189,33),(194,33),(195,33),(196,33),(200,33),(205,33),(207,33),(211,33),(213,33),(216,33),(217,33),(221,33),(222,33),(226,33),(227,33),(229,33),(236,33),(239,33),(245,33),(248,33),(252,33),(260,33),(261,33),(266,33),(267,33),(272,33),(282,33),(289,33),(291,33),(293,33),(297,33),(299,33),(301,33),(305,33),(308,33),(310,33),(313,33),(315,33),(316,33),(317,33),(319,33),(320,33),(323,33),(329,33),(331,33),(332,33),(333,33),(337,33),(339,33),(340,33),(344,33),(351,33),(352,33),(357,33),(361,33),(363,33),(365,33),(366,33),(367,33),(370,33),(372,33),(376,33),(377,33),(379,33),(380,33),(382,33),(383,33),(385,33),(388,33),(391,33),(394,33),(397,33),(401,33),(34,35),(35,36),(218,36),(6,37),(28,37),(246,37),(2,38),(3,38),(4,38),(6,38),(7,38),(8,38),(10,38),(12,38),(13,38),(14,38),(17,38),(20,38),(21,38),(25,38),(26,38),(27,38),(31,38),(33,38),(38,38),(39,38),(41,38),(42,38),(48,38),(50,38),(52,38),(53,38),(55,38),(60,38),(63,38),(68,38),(72,38),(73,38),(76,38),(82,38),(86,38),(87,38),(88,38),(92,38),(97,38),(99,38),(102,38),(104,38),(105,38),(108,38),(109,38),(111,38),(112,38),(113,38),(115,38),(116,38),(117,38),(118,38),(123,38),(126,38),(128,38),(129,38),(131,38),(135,38),(138,38),(145,38),(146,38),(149,38),(150,38),(153,38),(154,38),(155,38),(156,38),(158,38),(159,38),(161,38),(164,38),(166,38),(167,38),(169,38),(170,38),(172,38),(174,38),(175,38),(177,38),(179,38),(182,38),(187,38),(190,38),(191,38),(195,38),(196,38),(200,38),(207,38),(211,38),(215,38),(220,38),(221,38),(222,38),(224,38),(227,38),(233,38),(236,38),(239,38),(242,38),(247,38),(248,38),(250,38),(252,38),(254,38),(256,38),(258,38),(260,38),(261,38),(263,38),(266,38),(270,38),(271,38),(272,38),(275,38),(280,38),(282,38),(283,38),(289,38),(294,38),(296,38),(299,38),(300,38),(302,38),(304,38),(305,38),(310,38),(313,38),(315,38),(317,38),(324,38),(328,38),(329,38),(331,38),(333,38),(337,38),(340,38),(342,38),(345,38),(349,38),(352,38),(354,38),(357,38),(360,38),(363,38),(367,38),(368,38),(370,38),(372,38),(375,38),(377,38),(379,38),(383,38),(386,38),(388,38),(390,38),(391,38),(396,38),(399,38),(401,38),(403,38),(3,39),(6,39),(7,39),(8,39),(12,39),(17,39),(20,39),(25,39),(26,39),(27,39),(31,39),(33,39),(38,39),(41,39),(42,39),(48,39),(50,39),(53,39),(55,39),(60,39),(72,39),(76,39),(82,39),(88,39),(92,39),(97,39),(99,39),(102,39),(105,39),(108,39),(111,39),(115,39),(117,39),(123,39),(126,39),(128,39),(129,39),(145,39),(149,39),(155,39),(156,39),(158,39),(161,39),(164,39),(167,39),(169,39),(170,39),(172,39),(174,39),(175,39),(179,39),(187,39),(190,39),(191,39),(195,39),(200,39),(211,39),(215,39),(222,39),(224,39),(227,39),(233,39),(239,39),(247,39),(250,39),(252,39),(254,39),(258,39),(260,39),(261,39),(263,39),(270,39),(275,39),(280,39),(282,39),(283,39),(289,39),(299,39),(305,39),(310,39),(317,39),(331,39),(340,39),(342,39),(345,39),(352,39),(360,39),(366,39),(367,39),(368,39),(370,39),(372,39),(377,39),(386,39),(388,39),(391,39),(396,39),(399,39),(401,39),(6,40),(28,40),(34,40),(104,40),(148,40),(168,40),(172,40),(246,40),(338,40),(364,40),(376,40),(9,41),(16,41),(22,41),(28,41),(34,41),(44,41),(58,41),(61,41),(106,41),(110,41),(116,41),(122,41),(127,41),(140,41),(148,41),(152,41),(168,41),(176,41),(188,41),(203,41),(212,41),(230,41),(243,41),(253,41),(268,41),(273,41),(284,41),(298,41),(309,41),(322,41),(336,41),(347,41),(362,41),(373,41),(387,41),(400,41),(109,42),(126,42),(136,42),(138,42),(155,42),(159,42),(168,42),(172,42),(178,42),(181,42),(187,42),(192,42),(204,42),(208,42),(209,42),(213,42),(237,42),(241,42),(251,42),(265,42),(271,42),(277,42),(282,42),(284,42),(290,42),(295,42),(299,42),(303,42),(308,42),(309,42),(314,42),(322,42),(333,42),(339,42),(344,42),(347,42),(366,42),(395,42),(28,43),(152,43),(176,43),(203,43),(273,43),(322,43),(347,43),(373,43),(400,43),(32,44),(46,44),(62,44),(85,44),(95,44),(96,44),(101,44),(108,44),(112,44),(128,44),(130,44),(137,44),(142,44),(147,44),(163,44),(169,44),(170,44),(178,44),(185,44),(192,44),(193,44),(197,44),(210,44),(219,44),(232,44),(233,44),(244,44),(249,44),(257,44),(259,44),(265,44),(271,44),(282,44),(288,44),(293,44),(306,44),(324,44),(327,44),(329,44),(345,44),(352,44),(358,44),(368,44),(369,44),(381,44),(389,44),(397,44),(398,44),(402,44),(36,45),(64,46),(83,46),(201,46),(280,47),(100,48),(1,49),(5,49),(19,49),(23,49),(24,49),(29,49),(35,49),(49,49),(59,49),(60,49),(65,49),(66,49),(69,49),(70,49),(72,49),(76,49),(78,49),(81,49),(82,49),(84,49),(86,49),(91,49),(96,49),(97,49),(99,49),(109,49),(111,49),(113,49),(115,49),(117,49),(120,49),(121,49),(131,49),(134,49),(135,49),(143,49),(145,49),(147,49),(150,49),(151,49),(153,49),(154,49),(155,49),(156,49),(159,49),(160,49),(161,49),(162,49),(163,49),(164,49),(166,49),(171,49),(174,49),(175,49),(177,49),(178,49),(184,49),(190,49),(202,49),(206,49),(208,49),(209,49),(214,49),(215,49),(218,49),(220,49),(223,49),(224,49),(225,49),(228,49),(231,49),(234,49),(235,49),(237,49),(240,49),(241,49),(242,49),(247,49),(251,49),(254,49),(255,49),(256,49),(258,49),(259,49),(262,49),(263,49),(264,49),(270,49),(274,49),(275,49),(276,49),(277,49),(279,49),(280,49),(281,49),(285,49),(286,49),(290,49),(292,49),(294,49),(295,49),(296,49),(300,49),(304,49),(307,49),(311,49),(314,49),(316,49),(321,49),(326,49),(330,49),(334,49),(338,49),(342,49),(348,49),(350,49),(359,49),(370,49),(371,49),(378,49),(386,49),(390,49),(392,49),(393,49),(395,49),(396,49),(5,50),(22,50),(24,50),(29,50),(44,50),(59,50),(63,50),(65,50),(69,50),(74,50),(80,50),(95,50),(96,50),(101,50),(106,50),(110,50),(111,50),(120,50),(121,50),(122,50),(127,50),(130,50),(135,50),(137,50),(140,50),(143,50),(145,50),(146,50),(148,50),(160,50),(161,50),(168,50),(174,50),(188,50),(190,50),(194,50),(202,50),(206,50),(208,50),(212,50),(215,50),(218,50),(234,50),(240,50),(243,50),(245,50),(251,50),(252,50),(253,50),(263,50),(267,50),(268,50),(276,50),(285,50),(291,50),(294,50),(298,50),(304,50),(305,50),(307,50),(311,50),(318,50),(321,50),(334,50),(336,50),(340,50),(342,50),(347,50),(351,50),(357,50),(373,50),(387,50),(390,50),(393,50),(394,50),(399,50),(400,50),(400,51),(2,52),(6,52),(15,52),(17,52),(30,52),(40,52),(43,52),(55,52),(56,52),(71,52),(79,52),(85,52),(89,52),(94,52),(98,52),(103,52),(104,52),(105,52),(124,52),(125,52),(129,52),(132,52),(136,52),(139,52),(141,52),(156,52),(158,52),(167,52),(173,52),(177,52),(183,52),(191,52),(198,52),(199,52),(204,52),(214,52),(224,52),(229,52),(235,52),(238,52),(241,52),(245,52),(246,52),(250,52),(256,52),(260,52),(266,52),(270,52),(278,52),(283,52),(287,52),(290,52),(297,52),(299,52),(302,52),(308,52),(310,52),(312,52),(315,52),(325,52),(328,52),(331,52),(332,52),(341,52),(343,52),(346,52),(349,52),(353,52),(360,52),(367,52),(375,52),(376,52),(384,52),(395,52),(402,52),(2,53),(4,53),(6,53),(7,53),(12,53),(13,53),(14,53),(17,53),(21,53),(25,53),(26,53),(39,53),(42,53),(48,53),(50,53),(52,53),(53,53),(55,53),(63,53),(68,53),(72,53),(73,53),(82,53),(86,53),(87,53),(88,53),(99,53),(102,53),(104,53),(105,53),(108,53),(109,53),(111,53),(113,53),(116,53),(117,53),(118,53),(123,53),(126,53),(128,53),(129,53),(131,53),(135,53),(138,53),(145,53),(150,53),(153,53),(154,53),(156,53),(158,53),(164,53),(166,53),(169,53),(170,53),(175,53),(177,53),(179,53),(182,53),(187,53),(191,53),(196,53),(200,53),(207,53),(220,53),(221,53),(227,53),(247,53),(248,53),(250,53),(252,53),(254,53),(256,53),(258,53),(260,53),(261,53),(263,53),(266,53),(270,53),(272,53),(275,53),(280,53),(282,53),(294,53),(299,53),(300,53),(302,53),(304,53),(310,53),(313,53),(315,53),(317,53),(328,53),(329,53),(331,53),(340,53),(349,53),(352,53),(354,53),(357,53),(363,53),(367,53),(370,53),(375,53),(377,53),(379,53),(386,53),(388,53),(399,53),(401,53),(367,54),(39,55),(87,55),(102,55),(126,55),(179,55),(205,55),(217,55),(308,55),(317,55),(386,55),(401,55),(3,56),(6,56),(17,56),(27,56),(30,56),(32,56),(34,56),(35,56),(37,56),(40,56),(43,56),(46,56),(62,56),(65,56),(67,56),(79,56),(82,56),(85,56),(90,56),(93,56),(94,56),(96,56),(98,56),(103,56),(104,56),(109,56),(112,56),(119,56),(121,56),(128,56),(130,56),(132,56),(136,56),(139,56),(142,56),(144,56),(149,56),(158,56),(160,56),(167,56),(185,56),(187,56),(189,56),(191,56),(193,56),(197,56),(198,56),(204,56),(210,56),(213,56),(216,56),(218,56),(224,56),(238,56),(241,56),(246,56),(249,56),(257,56),(265,56),(267,56),(278,56),(282,56),(295,56),(297,56),(302,56),(303,56),(311,56),(323,56),(327,56),(331,56),(343,56),(344,56),(345,56),(346,56),(349,56),(353,56),(364,56),(369,56),(372,56),(375,56),(380,56),(385,56),(392,56),(397,56),(402,56),(3,57),(15,57),(16,57),(22,57),(58,57),(81,57),(94,57),(105,57),(125,57),(129,57),(140,57),(144,57),(155,57),(177,57),(183,57),(212,57),(234,57),(237,57),(243,57),(249,57),(259,57),(262,57),(268,57),(284,57),(290,57),(298,57),(309,57),(323,57),(329,57),(339,57),(341,57),(348,57),(350,57),(351,57),(353,57),(355,57),(361,57),(362,57),(368,57),(389,57),(174,58),(1,59),(2,59),(3,59),(4,59),(5,59),(6,59),(7,59),(8,59),(10,59),(11,59),(12,59),(13,59),(14,59),(15,59),(16,59),(17,59),(18,59),(19,59),(20,59),(21,59),(22,59),(23,59),(24,59),(25,59),(26,59),(27,59),(28,59),(29,59),(30,59),(31,59),(32,59),(33,59),(35,59),(36,59),(37,59),(38,59),(39,59),(40,59),(41,59),(42,59),(43,59),(44,59),(45,59),(46,59),(47,59),(48,59),(49,59),(50,59),(51,59),(52,59),(53,59),(54,59),(55,59),(56,59),(57,59),(59,59),(60,59),(62,59),(63,59),(65,59),(66,59),(67,59),(68,59),(69,59),(70,59),(71,59),(72,59),(73,59),(74,59),(76,59),(77,59),(78,59),(79,59),(80,59),(81,59),(82,59),(84,59),(85,59),(86,59),(87,59),(88,59),(89,59),(90,59),(91,59),(92,59),(93,59),(94,59),(95,59),(96,59),(97,59),(98,59),(99,59),(100,59),(102,59),(103,59),(104,59),(105,59),(107,59),(108,59),(109,59),(111,59),(112,59),(113,59),(115,59),(116,59),(117,59),(118,59),(119,59),(120,59),(121,59),(123,59),(124,59),(125,59),(126,59),(128,59),(129,59),(130,59),(131,59),(132,59),(133,59),(134,59),(135,59),(136,59),(137,59),(138,59),(139,59),(141,59),(142,59),(143,59),(144,59),(145,59),(146,59),(147,59),(149,59),(150,59),(151,59),(153,59),(154,59),(155,59),(156,59),(157,59),(158,59),(159,59),(160,59),(161,59),(162,59),(163,59),(164,59),(165,59),(166,59),(167,59),(168,59),(169,59),(170,59),(171,59),(172,59),(173,59),(174,59),(175,59),(177,59),(178,59),(179,59),(180,59),(181,59),(182,59),(183,59),(184,59),(185,59),(187,59),(189,59),(190,59),(191,59),(192,59),(193,59),(194,59),(195,59),(196,59),(197,59),(198,59),(199,59),(200,59),(202,59),(204,59),(205,59),(206,59),(208,59),(209,59),(210,59),(211,59),(213,59),(214,59),(215,59),(216,59),(217,59),(218,59),(219,59),(220,59),(221,59),(222,59),(223,59),(224,59),(225,59),(226,59),(227,59),(228,59),(229,59),(231,59),(232,59),(234,59),(235,59),(236,59),(237,59),(238,59),(239,59),(240,59),(241,59),(242,59),(244,59),(245,59),(246,59),(247,59),(248,59),(249,59),(250,59),(251,59),(252,59),(254,59),(255,59),(256,59),(257,59),(258,59),(259,59),(260,59),(261,59),(262,59),(263,59),(264,59),(265,59),(266,59),(267,59),(268,59),(269,59),(270,59),(272,59),(274,59),(275,59),(276,59),(277,59),(278,59),(279,59),(280,59),(281,59),(282,59),(283,59),(285,59),(286,59),(287,59),(288,59),(289,59),(290,59),(291,59),(292,59),(293,59),(294,59),(295,59),(296,59),(297,59),(299,59),(300,59),(301,59),(302,59),(303,59),(304,59),(305,59),(306,59),(307,59),(308,59),(310,59),(311,59),(312,59),(313,59),(314,59),(315,59),(316,59),(317,59),(318,59),(319,59),(320,59),(321,59),(323,59),(325,59),(326,59),(327,59),(328,59),(329,59),(330,59),(331,59),(332,59),(333,59),(334,59),(337,59),(338,59),(339,59),(340,59),(341,59),(342,59),(343,59),(344,59),(345,59),(346,59),(348,59),(349,59),(350,59),(351,59),(352,59),(353,59),(354,59),(355,59),(356,59),(357,59),(358,59),(359,59),(360,59),(361,59),(363,59),(364,59),(365,59),(366,59),(367,59),(368,59),(369,59),(370,59),(371,59),(372,59),(375,59),(376,59),(377,59),(378,59),(379,59),(380,59),(381,59),(382,59),(383,59),(384,59),(385,59),(386,59),(388,59),(389,59),(390,59),(391,59),(392,59),(393,59),(394,59),(395,59),(396,59),(397,59),(398,59),(399,59),(401,59),(402,59),(403,59),(1,60),(2,60),(3,60),(4,60),(5,60),(6,60),(7,60),(8,60),(10,60),(11,60),(12,60),(13,60),(14,60),(15,60),(16,60),(17,60),(18,60),(19,60),(20,60),(21,60),(22,60),(23,60),(24,60),(25,60),(26,60),(27,60),(28,60),(29,60),(30,60),(31,60),(32,60),(33,60),(35,60),(36,60),(37,60),(38,60),(39,60),(40,60),(41,60),(42,60),(43,60),(44,60),(45,60),(46,60),(47,60),(48,60),(49,60),(50,60),(51,60),(53,60),(54,60),(55,60),(56,60),(57,60),(59,60),(60,60),(63,60),(65,60),(66,60),(67,60),(68,60),(69,60),(70,60),(71,60),(72,60),(73,60),(74,60),(77,60),(78,60),(80,60),(81,60),(82,60),(84,60),(85,60),(86,60),(87,60),(88,60),(89,60),(91,60),(92,60),(93,60),(94,60),(95,60),(96,60),(97,60),(98,60),(99,60),(100,60),(102,60),(104,60),(105,60),(107,60),(108,60),(109,60),(111,60),(112,60),(113,60),(115,60),(117,60),(118,60),(119,60),(120,60),(121,60),(123,60),(124,60),(125,60),(126,60),(128,60),(129,60),(130,60),(131,60),(132,60),(133,60),(134,60),(135,60),(136,60),(137,60),(138,60),(139,60),(141,60),(142,60),(143,60),(145,60),(146,60),(147,60),(149,60),(150,60),(151,60),(153,60),(154,60),(155,60),(156,60),(157,60),(158,60),(159,60),(160,60),(161,60),(162,60),(163,60),(164,60),(165,60),(166,60),(167,60),(168,60),(169,60),(170,60),(171,60),(172,60),(173,60),(174,60),(175,60),(177,60),(178,60),(180,60),(181,60),(182,60),(183,60),(184,60),(185,60),(187,60),(189,60),(190,60),(191,60),(192,60),(193,60),(194,60),(195,60),(196,60),(197,60),(198,60),(199,60),(200,60),(202,60),(204,60),(205,60),(206,60),(208,60),(209,60),(211,60),(214,60),(215,60),(216,60),(217,60),(219,60),(220,60),(221,60),(222,60),(223,60),(224,60),(225,60),(226,60),(227,60),(228,60),(229,60),(231,60),(232,60),(234,60),(235,60),(236,60),(237,60),(238,60),(239,60),(240,60),(241,60),(242,60),(244,60),(245,60),(246,60),(247,60),(248,60),(249,60),(250,60),(251,60),(252,60),(254,60),(256,60),(257,60),(258,60),(259,60),(260,60),(261,60),(262,60),(263,60),(264,60),(265,60),(266,60),(267,60),(269,60),(270,60),(272,60),(274,60),(275,60),(276,60),(277,60),(279,60),(280,60),(281,60),(282,60),(283,60),(285,60),(286,60),(287,60),(288,60),(290,60),(291,60),(292,60),(293,60),(295,60),(296,60),(297,60),(300,60),(301,60),(302,60),(303,60),(304,60),(305,60),(306,60),(307,60),(308,60),(310,60),(311,60),(312,60),(313,60),(314,60),(315,60),(316,60),(317,60),(318,60),(319,60),(321,60),(323,60),(326,60),(327,60),(328,60),(329,60),(330,60),(331,60),(332,60),(333,60),(334,60),(337,60),(338,60),(339,60),(340,60),(341,60),(342,60),(343,60),(344,60),(345,60),(346,60),(348,60),(349,60),(350,60),(351,60),(352,60),(353,60),(354,60),(355,60),(357,60),(358,60),(359,60),(360,60),(361,60),(363,60),(364,60),(365,60),(366,60),(367,60),(368,60),(370,60),(371,60),(372,60),(375,60),(376,60),(377,60),(380,60),(381,60),(382,60),(383,60),(384,60),(385,60),(386,60),(388,60),(389,60),(390,60),(391,60),(392,60),(393,60),(394,60),(395,60),(396,60),(397,60),(398,60),(399,60),(401,60),(402,60),(403,60),(128,61),(24,62),(25,62),(53,62),(72,62),(84,62),(91,62),(120,62),(134,62),(135,62),(141,62),(151,62),(179,62),(202,62),(206,62),(215,62),(218,62),(225,62),(234,62),(240,62),(242,62),(247,62),(263,62),(264,62),(275,62),(279,62),(281,62),(292,62),(294,62),(296,62),(307,62),(314,62),(316,62),(318,62),(338,62),(342,62),(359,62),(370,62),(378,62),(390,62),(16,63),(22,63),(28,63),(34,63),(44,63),(61,63),(106,63),(110,63),(116,63),(122,63),(127,63),(140,63),(148,63),(152,63),(168,63),(176,63),(188,63),(203,63),(212,63),(230,63),(243,63),(253,63),(268,63),(273,63),(284,63),(298,63),(309,63),(322,63),(336,63),(347,63),(362,63),(373,63),(387,63),(400,63),(62,64),(384,65),(2,66),(3,66),(6,66),(30,66),(40,66),(43,66),(56,66),(79,66),(89,66),(94,66),(98,66),(103,66),(104,66),(105,66),(124,66),(129,66),(132,66),(136,66),(139,66),(156,66),(158,66),(167,66),(173,66),(177,66),(183,66),(187,66),(191,66),(198,66),(199,66),(204,66),(214,66),(224,66),(229,66),(235,66),(238,66),(241,66),(245,66),(246,66),(250,66),(256,66),(260,66),(266,66),(270,66),(278,66),(283,66),(287,66),(297,66),(299,66),(302,66),(308,66),(310,66),(312,66),(315,66),(325,66),(328,66),(331,66),(332,66),(341,66),(343,66),(346,66),(349,66),(353,66),(360,66),(367,66),(375,66),(376,66),(384,66),(395,66),(402,66),(379,67);
/*!40000 ALTER TABLE `episode_subjects` ENABLE KEYS */;
UNLOCK TABLES;

--
-- Table structure for table `episodes`
--

DROP TABLE IF EXISTS `episodes`;
/*!40101 SET @saved_cs_client     = @@character_set_client */;
/*!50503 SET character_set_client = utf8mb4 */;
CREATE TABLE `episodes` (
  `episode_id` int NOT NULL AUTO_INCREMENT,
  `episode` varchar(10) DEFAULT NULL,
  `title` varchar(255) DEFAULT NULL,
  `date` date DEFAULT NULL,
  PRIMARY KEY (`episode_id`),
  UNIQUE KEY `episode` (`episode`)
) ENGINE=InnoDB AUTO_INCREMENT=512 DEFAULT CHARSET=utf8mb4 COLLATE=utf8mb4_0900_ai_ci;
/*!40101 SET character_set_client = @saved_cs_client */;

--
-- Dumping data for table `episodes`
--

LOCK TABLES `episodes` WRITE;
/*!40000 ALTER TABLE `episodes` DISABLE KEYS */;
INSERT INTO `episodes` VALUES (1,'S01E01','A Walk In The Woods','1983-01-11'),(2,'S01E02','Mount Mckinley','1983-01-11'),(3,'S01E03','Ebony Sunset','1983-01-18'),(4,'S01E04','Winter Mist','1983-01-25'),(5,'S01E05','Quiet Stream','1983-02-01'),(6,'S01E06','Winter Moon','1983-02-08'),(7,'S01E07','Autumn Mountains','1983-02-15'),(8,'S01E08','Peaceful Valley','1983-02-22'),(9,'S01E09','Seascape','1983-03-01'),(10,'S01E10','Mountain Lake','1983-03-08'),(11,'S01E11','Winter Glow','1983-03-15'),(12,'S01E12','Snowfall','1983-03-22'),(13,'S01E13','Final Reflections','1983-03-29'),(14,'S02E01','Meadow Lake','1983-08-31'),(15,'S02E02','Winter Sun','1983-09-07'),(16,'S02E03','Ebony Sea','1983-09-14'),(17,'S02E04','Shades of Gray','1983-09-21'),(18,'S02E05','Autumn Splendor','1983-09-28'),(19,'S02E06','Black River','1983-10-05'),(20,'S02E07','Brown Mountain','1983-10-12'),(21,'S02E08','Reflections','1983-10-19'),(22,'S02E09','Black and White Seascape','1983-10-26'),(23,'S02E10','Lazy River','1983-11-02'),(24,'S02E11','Black Waterfall','1983-11-09'),(25,'S02E12','Mountain Waterfall','1983-11-16'),(26,'S02E13','Final Grace','1983-11-23'),(27,'S03E01','Mountain Retreat','1984-01-04'),(28,'S03E02','Blue Moon','1984-01-11'),(29,'S03E03','Bubbling Stream','1984-01-18'),(30,'S03E04','Winter Night','1984-01-25'),(31,'S03E05','Distant Hills','1984-02-01'),(32,'S03E06','Covered Bridge','1984-02-08'),(33,'S03E07','Quiet Inlet','1984-02-15'),(34,'S03E08','Night Light','1984-02-22'),(35,'S03E09','The Old Mill','1984-03-01'),(36,'S03E10','Campfire','1984-03-08'),(37,'S03E11','Rustic Barn','1984-03-15'),(38,'S03E12','Hidden Lake','1984-03-22'),(39,'S03E13','Peaceful Waters','1984-03-29'),(40,'S04E01','Purple Splendor','1984-09-05'),(41,'S04E02','Tranquil Valley','1984-09-12'),(42,'S04E03','Majestic Mountains','1984-09-19'),(43,'S04E04','Winter Sawscape','1984-09-26'),(44,'S04E05','Evening Seascape','1984-10-03'),(45,'S04E06','Warm Summer Day','1984-10-10'),(46,'S04E07','Cabin In The Woods','1984-10-17'),(47,'S04E08','Wetlands','1984-10-24'),(48,'S04E09','Cool Waters','1984-10-31'),(49,'S04E10','Quiet Woods','1984-11-07'),(50,'S04E11','Northwest Majesty','1984-11-14'),(51,'S04E12','Autumn Days','1984-11-21'),(52,'S04E13','Mountain Challenge','1984-11-28'),(53,'S05E01','Mountain Waterfall 2','1985-01-02'),(54,'S05E02','Twilight Meadow','1985-01-09'),(55,'S05E03','Mountain Blossoms','1985-01-16'),(56,'S05E04','Winter Stillness','1985-01-23'),(57,'S05E05','Quiet Pond','1985-01-30'),(58,'S05E06','Ocean Sunrise','1985-02-06'),(59,'S05E07','Bubbling Brook','1985-02-13'),(60,'S05E08','Arizona Splendor','1985-02-20'),(61,'S05E09','Anatomy of A Wave','1985-02-27'),(62,'S05E10','The Windmill','1985-03-06'),(63,'S05E11','Autumn Glory','1985-03-13'),(64,'S05E12','Indian Girl','1985-03-20'),(65,'S05E13','Meadow Stream','1985-03-27'),(66,'S06E01','Blue River','1985-05-01'),(67,'S06E02','Nature\'s Edge','1985-05-08'),(68,'S06E03','Morning Mist','1985-05-15'),(69,'S06E04','Whispering Stream','1985-05-22'),(70,'S06E05','Secluded Forest','1985-05-29'),(71,'S06E06','Snow Trail','1985-06-05'),(72,'S06E07','Arctic Beauty','1985-06-12'),(73,'S06E08','Horizons West','1985-06-19'),(74,'S06E09','High Chateau','1985-06-26'),(75,'S06E10','Country Life','1985-07-02'),(76,'S06E11','Western Expanse','1985-07-09'),(77,'S06E12','Marshlands','1985-07-16'),(78,'S06E13','Blaze of Color','1985-07-23'),(79,'S07E01','Winter Cabin','1985-10-02'),(80,'S07E02','Secluded Lake','1985-10-09'),(81,'S07E03','Evergreen At Sunset','1985-10-16'),(82,'S07E04','Mountain Cabin','1985-10-23'),(83,'S07E05','Portrait of Sally','1985-10-30'),(84,'S07E06','Misty Waterfall','1985-11-06'),(85,'S07E07','Barn At Sunset','1985-11-13'),(86,'S07E08','Mountain Splendor','1985-11-20'),(87,'S07E09','Lake By Mountain','1985-11-27'),(88,'S07E10','Mountain Glory','1985-12-06'),(89,'S07E11','Grey Winter','1985-12-13'),(90,'S07E12','Dock Scene','1985-12-20'),(91,'S07E13','Dark Waterfall','1985-12-27'),(92,'S08E01','Misty Rolling Hills','1986-01-02'),(93,'S08E02','Lakeside Cabin','1986-01-09'),(94,'S08E03','Warm Winter Day','1986-01-16'),(95,'S08E04','Waterside Way','1986-01-23'),(96,'S08E05','Hunter\'s Haven','1986-01-30'),(97,'S08E06','Bubbling Mountain Brook','1986-02-06'),(98,'S08E07','Winter Hideaway','1986-02-13'),(99,'S08E08','Foot of The Mountain','1986-02-20'),(100,'S08E09','Majestic Pine','1986-02-27'),(101,'S08E10','Cactus At Sunset','1986-03-06'),(102,'S08E11','Mountain Range','1986-03-13'),(103,'S08E12','Lonely Retreat','1986-03-20'),(104,'S08E13','Northern Lights','1986-03-27'),(105,'S09E01','Winter Evergreens','1986-04-30'),(106,'S09E02','Surf\'s Up','1986-05-07'),(107,'S09E03','Red Sunset','1986-05-14'),(108,'S09E04','Meadow Road','1986-05-21'),(109,'S09E05','Winter Oval','1986-05-28'),(110,'S09E06','Secluded Beach','1986-06-04'),(111,'S09E07','Forest Hills','1986-06-11'),(112,'S09E08','Little House By The Road','1986-06-18'),(113,'S09E09','Mountain Pass','1986-06-25'),(114,'S09E10','Country Charm','1986-07-02'),(115,'S09E11','Nature\'s Paradise','1986-07-09'),(116,'S09E12','Mountain By The Sea','1986-07-16'),(117,'S09E13','Mountain Hideaway','1986-07-23'),(118,'S10E01','Towering Peaks','1986-09-03'),(119,'S10E02','Cabin At Sunset','1986-09-10'),(120,'S10E03','Twin Falls','1986-09-17'),(121,'S10E04','Secluded Bridge','1986-09-24'),(122,'S10E05','Ocean Breeze','1986-10-01'),(123,'S10E06','Autumn Woods','1986-10-08'),(124,'S10E07','Winter Solitude','1986-10-15'),(125,'S10E08','Golden Sunset','1986-10-22'),(126,'S10E09','Mountain Oval','1986-10-29'),(127,'S10E10','Ocean Sunset','1986-11-05'),(128,'S10E11','Triple View','1986-11-12'),(129,'S10E12','Winter Frost','1986-11-19'),(130,'S10E13','Lakeside Cabin 2','1986-11-26'),(131,'S11E01','Mountain Stream','1986-12-31'),(132,'S11E02','Country Cabin','1987-01-07'),(133,'S11E03','Daisy Delight','1987-01-14'),(134,'S11E04','Hidden Stream','1987-01-21'),(135,'S11E05','Towering Glacier','1987-01-28'),(136,'S11E06','Oval Barn','1987-02-04'),(137,'S11E07','Lakeside Path','1987-02-11'),(138,'S11E08','Sunset Oval','1987-02-18'),(139,'S11E09','Winter Barn','1987-02-25'),(140,'S11E10','Sunset Over The Waves','1987-03-04'),(141,'S11E11','Golden Glow','1987-03-11'),(142,'S11E12','Roadside Barn','1987-03-18'),(143,'S11E13','Happy Accident','1987-03-25'),(144,'S12E01','Golden Knoll','1987-04-29'),(145,'S12E02','Mountain Reflections','1987-05-06'),(146,'S12E03','Secluded Mountain','1987-05-13'),(147,'S12E04','Bright Autumn Trees','1987-05-20'),(148,'S12E05','Black Seascape','1987-05-27'),(149,'S12E06','Steep Mountains','1987-06-03'),(150,'S12E07','Quiet Mountain River','1987-06-10'),(151,'S12E08','Evening Waterfall','1987-06-17'),(152,'S12E09','Tropical Seascape','1987-06-24'),(153,'S12E10','Mountain At Sunset','1987-07-01'),(154,'S12E11','Soft Mountain Glow','1987-07-08'),(155,'S12E12','Mountain In An Oval','1987-07-15'),(156,'S12E13','Winter Mountain','1987-07-22'),(157,'S13E01','Rolling Hills','1987-09-02'),(158,'S13E02','Frozen Solitude','1987-09-09'),(159,'S13E03','Meadow Brook','1987-09-16'),(160,'S13E04','Evening Sunset','1987-09-23'),(161,'S13E05','Mountain View','1987-09-30'),(162,'S13E06','Hidden Creek','1987-10-07'),(163,'S13E07','Peaceful Haven','1987-10-14'),(164,'S13E08','Mountain Exhibition','1987-10-21'),(165,'S13E09','Emerald Waters','1987-10-28'),(166,'S13E10','Mountain Summit','1987-11-04'),(167,'S13E11','Cabin Hideaway','1987-11-11'),(168,'S13E12','Oval Essence','1987-11-18'),(169,'S13E13','Lost Lake','1987-11-25'),(170,'S14E01','Distant Mountains','1987-12-30'),(171,'S14E02','Meadow Brook Surprise','1988-01-06'),(172,'S14E03','Mountain Moonlight Oval','1988-01-13'),(173,'S14E04','Snowy Solitude','1988-01-20'),(174,'S14E05','Mountain River','1988-01-27'),(175,'S14E06','Graceful Mountains','1988-02-03'),(176,'S14E07','Windy Waves','1988-02-10'),(177,'S14E08','On A Clear Day','1988-02-17'),(178,'S14E09','Riverside Escape Oval','1988-02-24'),(179,'S14E10','Surprising Falls','1988-03-02'),(180,'S14E11','Shadow Pond','1988-03-09'),(181,'S14E12','Misty Forest','1988-03-16'),(182,'S14E13','Natural Wonder','1988-03-23'),(183,'S15E01','Splendor of Winter','1988-04-27'),(184,'S15E02','Colors of Nature','1988-05-04'),(185,'S15E03','Grandpa\'s Barn','1988-05-11'),(186,'S15E04','Peaceful Reflections','1988-05-18'),(187,'S15E05','Hidden Winter Moon Oval','1988-05-25'),(188,'S15E06','Waves of Wonder','1988-06-01'),(189,'S15E07','Cabin By The Pond','1988-06-08'),(190,'S15E08','Fall Stream','1988-06-15'),(191,'S15E09','Christmas Eve Snow','1988-06-22'),(192,'S15E10','Forest Dawn Oval','1988-06-29'),(193,'S15E11','Pathway To Autumn','1988-07-06'),(194,'S15E12','Deep Forest Lake','1988-07-13'),(195,'S15E13','Peaks of Majesty','1988-07-20'),(196,'S16E01','Two Seasons','1988-08-17'),(197,'S16E02','Nestled Cabin','1988-08-24'),(198,'S16E03','Wintertime Discovery','1988-08-31'),(199,'S16E04','Mountain Mirage','1988-09-07'),(200,'S16E05','Double Oval Fantasy','1988-09-14'),(201,'S16E06','Contemplative Lady','1988-09-21'),(202,'S16E07','Deep Woods','1988-09-28'),(203,'S16E08','High Tide','1988-10-05'),(204,'S16E09','Barn In Snow Oval','1988-10-12'),(205,'S16E10','That Time of Year','1988-10-19'),(206,'S16E11','Waterfall Wonder','1988-10-26'),(207,'S16E12','Mighty Mountain Lake','1988-11-02'),(208,'S16E13','Wooded Stream Oval','1988-11-09'),(209,'S17E01','Golden Mist Oval','1989-01-04'),(210,'S17E02','Old Place Home','1989-01-11'),(211,'S17E03','Soothing Vista','1989-01-18'),(212,'S17E04','Stormy Seas','1989-01-25'),(213,'S17E05','Country Time','1989-02-01'),(214,'S17E06','A Mild Winter\'s Day','1989-02-08'),(215,'S17E07','Spectacular Waterfall','1989-02-15'),(216,'S17E08','View From The Park','1989-02-22'),(217,'S17E09','Lake View','1989-03-01'),(218,'S17E10','Old Country Mill','1989-03-08'),(219,'S17E11','Morning Walk','1989-03-15'),(220,'S17E12','Nature\'s Splendor','1989-03-22'),(221,'S17E13','Mountain Beauty','1989-03-29'),(222,'S18E01','Half Oval Vignette','1989-07-05'),(223,'S18E02','Absolutely Autumn','1989-07-12'),(224,'S18E03','Mountain Seclusion','1989-07-19'),(225,'S18E04','Crimson Oval','1989-07-26'),(226,'S18E05','Autumn Exhibition','1989-08-02'),(227,'S18E06','Majestic Peaks','1989-08-09'),(228,'S18E07','Golden Morning Mist','1989-08-16'),(229,'S18E08','Winter Lace','1989-08-23'),(230,'S18E09','Seascape Fantasy','1989-08-30'),(231,'S18E10','Double Oval Stream','1989-09-06'),(232,'S18E11','Enchanted Forest','1989-09-13'),(233,'S18E12','Southwest Serenity','1989-09-20'),(234,'S18E13','Rippling Waters','1989-09-27'),(235,'S19E01','Snowfall Magic','1990-01-03'),(236,'S19E02','Quiet Mountain Lake','1990-01-10'),(237,'S19E03','Final Embers of Sunlight','1990-01-17'),(238,'S19E04','Snowy Morn','1990-01-24'),(239,'S19E05','Camper\'s Haven','1990-01-31'),(240,'S19E06','Waterfall In The Woods','1990-02-07'),(241,'S19E07','Covered Bridge Oval','1990-02-14'),(242,'S19E08','Scenic Seclusion','1990-02-21'),(243,'S19E09','Ebb Tide','1990-02-28'),(244,'S19E10','After The Rain','1990-03-07'),(245,'S19E11','Winter Elegance','1990-03-14'),(246,'S19E12','Evening\'s Peace','1990-03-21'),(247,'S19E13','Valley of Tranquility','1990-03-28'),(248,'S20E01','Mystic Mountain','1990-04-04'),(249,'S20E02','New Day\'s Dawn','1990-04-11'),(250,'S20E03','Pastel Winter','1990-04-18'),(251,'S20E04','Hazy Day','1990-04-25'),(252,'S20E05','Divine Elegance','1990-05-02'),(253,'S20E06','Cliffside','1990-05-09'),(254,'S20E07','Autumn Fantasy','1990-05-16'),(255,'S20E08','Old Oak Tree','1990-05-23'),(256,'S20E09','Winter Paradise','1990-05-30'),(257,'S20E10','Days Gone By','1990-06-06'),(258,'S20E11','Change of Seasons','1990-06-13'),(259,'S20E12','Hidden Delight','1990-06-20'),(260,'S20E13','Double Take','1990-06-27'),(261,'S21E01','Valley View','1990-09-05'),(262,'S21E02','Tranquil Dawn','1990-09-12'),(263,'S21E03','Royal Majesty','1990-09-19'),(264,'S21E04','Serenity','1990-09-26'),(265,'S21E05','Cabin At Trial\'s End','1990-10-03'),(266,'S21E06','Mountain Rhapsody','1990-10-10'),(267,'S21E07','Wilderness Cabin','1990-10-17'),(268,'S21E08','By The Sea','1990-10-24'),(269,'S21E09','Indian Summer','1990-10-31'),(270,'S21E10','Blue Winter','1990-11-07'),(271,'S21E11','Desert Glow','1990-11-14'),(272,'S21E12','Lone Mountain','1990-11-21'),(273,'S21E13','Florida\'s Glory','1990-11-28'),(274,'S22E01','Autumn Images','1991-01-01'),(275,'S22E02','Hint of Springtime','1991-01-08'),(276,'S22E03','Around The Bend','1991-01-15'),(277,'S22E04','Countryside Oval','1991-01-22'),(278,'S22E05','Russet Winter','1991-01-29'),(279,'S22E06','Purple Haze','1991-02-05'),(280,'S22E07','Dimensions','1991-02-12'),(281,'S22E08','Deep Wilderness Home','1991-02-19'),(282,'S22E09','Haven In The Valley','1991-02-26'),(283,'S22E10','Wintertime Blues','1991-03-05'),(284,'S22E11','Pastel Seascape','1991-03-12'),(285,'S22E12','Country Creek','1991-03-19'),(286,'S22E13','Silent Forest','1991-03-26'),(287,'S23E01','Frosty Winter Morn','1991-09-03'),(288,'S23E02','Forest Edge','1991-09-10'),(289,'S23E03','Mountain Ridge Lake','1991-09-17'),(290,'S23E04','Reflections of Gold','1991-09-24'),(291,'S23E05','Quiet Cove','1991-10-01'),(292,'S23E06','River\'s Peace','1991-10-08'),(293,'S23E07','At Dawn\'s Light','1991-10-15'),(294,'S23E08','Valley Waterfall','1991-10-22'),(295,'S23E09','Toward Day\'s End','1991-10-29'),(296,'S23E10','Falls In The Glen','1991-11-05'),(297,'S23E11','Frozen Beauty In Vignette','1991-11-12'),(298,'S23E12','Crimson Tide','1991-11-19'),(299,'S23E13','Winter Bliss','1991-11-26'),(300,'S24E01','Grey Mountain','1992-01-07'),(301,'S24E02','Wayside Pond','1992-01-14'),(302,'S24E03','Teton Winter','1992-01-21'),(303,'S24E04','Little Home In The Meadow','1992-01-28'),(304,'S24E05','Pretty Autumn Day','1992-02-04'),(305,'S24E06','Mirrored Images','1992-02-11'),(306,'S24E07','Back-country Path','1992-02-18'),(307,'S24E08','Graceful Waterfall','1992-02-25'),(308,'S24E09','Icy Lake','1992-03-03'),(309,'S24E10','Rowboat On The Beach','1992-03-10'),(310,'S24E11','Portrait of Winter','1992-03-17'),(311,'S24E12','Footbridge','1992-03-24'),(312,'S24E13','Snowbound Cabin','1992-03-31'),(313,'S25E01','Hide-a-way Cove','1992-08-25'),(314,'S25E02','Enchanted Falls Oval','1992-09-01'),(315,'S25E03','Not Quite Spring','1992-09-08'),(316,'S25E04','Splashes of Autumn','1992-09-15'),(317,'S25E05','Summer In The Mountains','1992-09-22'),(318,'S25E06','Oriental Falls','1992-09-29'),(319,'S25E07','Autumn Palette','1992-10-06'),(320,'S25E08','Cypress Swamp','1992-10-13'),(321,'S25E09','Downstream View','1992-10-20'),(322,'S25E10','Just Before The Storm','1992-10-27'),(323,'S25E11','Fisherman\'s Paradise','1992-11-03'),(324,'S25E12','Desert Hues','1992-11-10'),(325,'S25E13','The Property Line','1992-11-17'),(326,'S26E01','In The Stillness of Morning','1992-12-01'),(327,'S26E02','Delightful Meadow Home','1992-12-08'),(328,'S26E03','First Snow','1992-12-15'),(329,'S26E04','Lake In The Valley','1992-12-22'),(330,'S26E05','A Trace of Spring','1992-12-29'),(331,'S26E06','An Arctic Winter Day','1993-01-05'),(332,'S26E07','Snow Birch','1993-01-12'),(333,'S26E08','Early Autumn','1993-01-19'),(334,'S26E09','Tranquil Wooded Stream','1993-01-26'),(335,'S26E10','Purple Mountain Range','1993-02-02'),(336,'S26E11','Storm\'s A Comin\'','1993-02-09'),(337,'S26E12','Sunset Aglow','1993-02-16'),(338,'S26E13','Evening At The Falls','1993-02-23'),(339,'S27E01','Twilight Beauty','1993-03-02'),(340,'S27E02','Angler\'s Haven','1993-03-09'),(341,'S27E03','Rustic Winter Woods','1993-03-16'),(342,'S27E04','Wilderness Falls','1993-03-23'),(343,'S27E05','Winter At The Farm','1993-03-30'),(344,'S27E06','Daisies At Dawn','1993-04-06'),(345,'S27E07','A Spectacular View','1993-04-13'),(346,'S27E08','Daybreak','1993-04-20'),(347,'S27E09','Island Paradise','1993-04-27'),(348,'S27E10','Sunlight In The Shadows','1993-05-04'),(349,'S27E11','Splendor of A Snowy Winter','1993-05-11'),(350,'S27E12','Forest River','1993-05-18'),(351,'S27E13','Golden Glow of Morning','1993-05-20'),(352,'S28E01','Fisherman\'s Trail','1993-05-25'),(353,'S28E02','A Warm Winter','1993-06-01'),(354,'S28E03','Under Pastel Skies','1993-06-08'),(355,'S28E04','Golden Rays of Sunlight','1993-06-15'),(356,'S28E05','The Magic of Fall','1993-06-22'),(357,'S28E06','Glacier Lake','1993-06-29'),(358,'S28E07','The Old Weathered Barn','1993-07-06'),(359,'S28E08','Deep Forest Falls','1993-07-13'),(360,'S28E09','Winter\'s Grace','1993-07-20'),(361,'S28E10','Splendor of Autumn','1993-07-27'),(362,'S28E11','Tranquil Seas','1993-08-03'),(363,'S28E12','Mountain Serenity','1993-08-10'),(364,'S28E13','Home Before Nightfall','1993-08-17'),(365,'S29E01','Island In The Wilderness','1993-08-24'),(366,'S29E02','Autumn Oval','1993-08-31'),(367,'S29E03','Seasonal Progression','1993-09-07'),(368,'S29E04','Light At The Summit','1993-09-14'),(369,'S29E05','Countryside Barn','1993-09-21'),(370,'S29E06','Mountain Lake Falls','1993-09-28'),(371,'S29E07','Cypress Creek','1993-10-05'),(372,'S29E08','Trapper\'s Cabin','1993-10-12'),(373,'S29E09','Storm On The Horizon','1993-10-19'),(374,'S29E10','Pot O\' Posies','1993-10-26'),(375,'S29E11','A Perfect Winter Day','1993-11-02'),(376,'S29E12','Aurora\'s Dance','1993-11-09'),(377,'S29E13','Woodsman\'s Retreat','1993-11-16'),(378,'S30E01','Babbling Brook','1993-11-23'),(379,'S30E02','Woodgrain View','1993-11-30'),(380,'S30E03','Winter\'s Peace','1993-12-07'),(381,'S30E04','Wilderness Trail','1993-12-14'),(382,'S30E05','A Copper Winter','1993-12-21'),(383,'S30E06','Misty Foothills','1993-12-28'),(384,'S30E07','Through The Window','1994-01-04'),(385,'S30E08','Home In The Valley','1994-01-11'),(386,'S30E09','Mountains of Grace','1994-01-18'),(387,'S30E10','Seaside Harmony','1994-01-25'),(388,'S30E11','A Cold Spring Day','1994-02-01'),(389,'S30E12','Evening\'s Glow','1994-02-08'),(390,'S30E13','Blue Ridge Falls','1994-02-15'),(391,'S31E01','Reflections of Calm','1994-02-22'),(392,'S31E02','Before The Snowfall','1994-03-01'),(393,'S31E03','Winding Stream','1994-03-08'),(394,'S31E04','Tranquility Cove','1994-03-15'),(395,'S31E05','Cabin In The Hollow','1994-03-22'),(396,'S31E06','View From Clear Creek','1994-03-29'),(397,'S31E07','Bridge To Autumn','1994-04-05'),(398,'S31E08','Trail\'s End','1994-04-12'),(399,'S31E09','Evergreen Valley','1994-04-19'),(400,'S31E10','Balmy Beach','1994-04-26'),(401,'S31E11','Lake At The Ridge','1994-05-03'),(402,'S31E12','In The Midst of Winter','1994-05-10'),(403,'S31E13','Wilderness Day','1994-05-17');
/*!40000 ALTER TABLE `episodes` ENABLE KEYS */;
UNLOCK TABLES;

--
-- Table structure for table `painting_colors`
--

DROP TABLE IF EXISTS `painting_colors`;
/*!40101 SET @saved_cs_client     = @@character_set_client */;
/*!50503 SET character_set_client = utf8mb4 */;
CREATE TABLE `painting_colors` (
  `painting_id` int NOT NULL,
  `color_id` int NOT NULL,
  PRIMARY KEY (`painting_id`,`color_id`),
  KEY `color_id` (`color_id`),
  CONSTRAINT `painting_colors_ibfk_1` FOREIGN KEY (`painting_id`) REFERENCES `paintings` (`painting_id`),
  CONSTRAINT `painting_colors_ibfk_2` FOREIGN KEY (`color_id`) REFERENCES `colors` (`color_id`)
) ENGINE=InnoDB DEFAULT CHARSET=utf8mb4 COLLATE=utf8mb4_0900_ai_ci;
/*!40101 SET character_set_client = @saved_cs_client */;

--
-- Dumping data for table `painting_colors`
--

LOCK TABLES `painting_colors` WRITE;
/*!40000 ALTER TABLE `painting_colors` DISABLE KEYS */;
INSERT INTO `painting_colors` VALUES (4,1),(5,1),(6,1),(7,1),(8,1),(9,1),(10,1),(11,1),(12,1),(13,1),(14,1),(15,1),(16,1),(17,1),(18,1),(19,1),(20,1),(21,1),(22,1),(23,1),(24,1),(25,1),(28,1),(29,1),(30,1),(31,1),(32,1),(33,1),(34,1),(35,1),(36,1),(37,1),(38,1),(39,1),(40,1),(41,1),(42,1),(43,1),(44,1),(45,1),(46,1),(47,1),(48,1),(49,1),(50,1),(51,1),(52,1),(53,1),(54,1),(56,1),(57,1),(58,1),(59,1),(60,1),(61,1),(62,1),(63,1),(64,1),(65,1),(66,1),(67,1),(68,1),(69,1),(70,1),(71,1),(72,1),(73,1),(74,1),(75,1),(76,1),(77,1),(78,1),(79,1),(80,1),(81,1),(82,1),(83,1),(84,1),(85,1),(86,1),(87,1),(88,1),(90,1),(91,1),(93,1),(94,1),(95,1),(96,1),(97,1),(98,1),(99,1),(100,1),(101,1),(102,1),(103,1),(104,1),(105,1),(106,1),(107,1),(108,1),(109,1),(110,1),(111,1),(112,1),(113,1),(114,1),(115,1),(116,1),(117,1),(118,1),(119,1),(120,1),(121,1),(122,1),(123,1),(124,1),(126,1),(127,1),(128,1),(130,1),(131,1),(133,1),(134,1),(135,1),(136,1),(138,1),(139,1),(140,1),(142,1),(143,1),(145,1),(146,1),(147,1),(148,1),(149,1),(150,1),(151,1),(152,1),(153,1),(154,1),(156,1),(157,1),(158,1),(159,1),(161,1),(162,1),(163,1),(164,1),(165,1),(166,1),(167,1),(168,1),(170,1),(171,1),(173,1),(174,1),(175,1),(176,1),(177,1),(178,1),(179,1),(180,1),(181,1),(182,1),(183,1),(184,1),(185,1),(186,1),(187,1),(188,1),(189,1),(190,1),(191,1),(192,1),(193,1),(194,1),(195,1),(196,1),(197,1),(198,1),(199,1),(200,1),(201,1),(202,1),(204,1),(205,1),(206,1),(208,1),(209,1),(210,1),(211,1),(212,1),(214,1),(216,1),(217,1),(218,1),(219,1),(220,1),(221,1),(222,1),(223,1),(224,1),(225,1),(226,1),(227,1),(228,1),(229,1),(230,1),(231,1),(232,1),(233,1),(234,1),(235,1),(236,1),(237,1),(238,1),(239,1),(240,1),(242,1),(243,1),(244,1),(245,1),(247,1),(248,1),(249,1),(250,1),(251,1),(252,1),(253,1),(254,1),(255,1),(256,1),(257,1),(258,1),(259,1),(260,1),(261,1),(262,1),(263,1),(264,1),(265,1),(266,1),(267,1),(268,1),(269,1),(270,1),(271,1),(273,1),(274,1),(275,1),(276,1),(277,1),(278,1),(279,1),(280,1),(281,1),(282,1),(283,1),(284,1),(286,1),(288,1),(289,1),(290,1),(291,1),(292,1),(293,1),(294,1),(295,1),(296,1),(297,1),(298,1),(299,1),(300,1),(301,1),(302,1),(303,1),(304,1),(306,1),(307,1),(308,1),(309,1),(310,1),(311,1),(312,1),(313,1),(314,1),(315,1),(316,1),(317,1),(318,1),(319,1),(320,1),(321,1),(322,1),(323,1),(324,1),(325,1),(326,1),(327,1),(328,1),(329,1),(330,1),(331,1),(332,1),(333,1),(334,1),(335,1),(336,1),(337,1),(338,1),(339,1),(341,1),(342,1),(343,1),(344,1),(345,1),(347,1),(348,1),(349,1),(350,1),(351,1),(352,1),(353,1),(354,1),(355,1),(356,1),(357,1),(358,1),(359,1),(360,1),(361,1),(362,1),(363,1),(364,1),(365,1),(366,1),(367,1),(369,1),(370,1),(371,1),(372,1),(373,1),(374,1),(375,1),(376,1),(377,1),(378,1),(379,1),(380,1),(381,1),(382,1),(383,1),(384,1),(385,1),(386,1),(387,1),(388,1),(389,1),(390,1),(391,1),(392,1),(393,1),(394,1),(395,1),(396,1),(397,1),(398,1),(399,1),(400,1),(401,1),(402,1),(403,1),(404,1),(405,1),(406,1),(407,1),(408,1),(409,1),(410,1),(411,1),(12,2),(13,2),(16,2),(17,2),(19,2),(20,2),(21,2),(24,2),(25,2),(36,2),(38,2),(45,2),(49,2),(53,2),(56,2),(60,2),(61,2),(64,2),(66,2),(68,2),(73,2),(77,2),(81,2),(82,2),(85,2),(91,2),(95,2),(97,2),(102,2),(106,2),(107,2),(109,2),(113,2),(121,2),(122,2),(127,2),(129,2),(132,2),(141,2),(144,2),(154,2),(159,2),(167,2),(171,2),(179,2),(182,2),(189,2),(199,2),(202,2),(217,2),(221,2),(228,2),(231,2),(239,2),(246,2),(247,2),(263,2),(265,2),(271,2),(277,2),(279,2),(284,2),(287,2),(296,2),(300,2),(302,2),(304,2),(309,2),(311,2),(312,2),(314,2),(315,2),(320,2),(322,2),(323,2),(324,2),(327,2),(329,2),(331,2),(337,2),(340,2),(342,2),(344,2),(346,2),(347,2),(356,2),(358,2),(363,2),(367,2),(370,2),(376,2),(379,2),(382,2),(386,2),(387,2),(389,2),(395,2),(398,2),(406,2),(408,2),(411,2),(4,3),(6,3),(7,3),(8,3),(9,3),(11,3),(12,3),(13,3),(14,3),(15,3),(16,3),(17,3),(19,3),(20,3),(21,3),(23,3),(24,3),(25,3),(28,3),(29,3),(31,3),(32,3),(33,3),(34,3),(36,3),(37,3),(38,3),(40,3),(41,3),(42,3),(43,3),(44,3),(45,3),(46,3),(49,3),(50,3),(51,3),(52,3),(53,3),(54,3),(57,3),(58,3),(59,3),(61,3),(62,3),(63,3),(64,3),(65,3),(67,3),(68,3),(69,3),(70,3),(71,3),(72,3),(73,3),(74,3),(75,3),(76,3),(77,3),(78,3),(79,3),(80,3),(81,3),(82,3),(83,3),(84,3),(85,3),(86,3),(87,3),(88,3),(90,3),(91,3),(94,3),(96,3),(97,3),(98,3),(99,3),(100,3),(101,3),(103,3),(104,3),(105,3),(107,3),(108,3),(109,3),(111,3),(112,3),(115,3),(116,3),(117,3),(118,3),(119,3),(120,3),(121,3),(122,3),(124,3),(126,3),(127,3),(128,3),(130,3),(133,3),(134,3),(136,3),(138,3),(139,3),(140,3),(141,3),(142,3),(143,3),(144,3),(145,3),(146,3),(147,3),(148,3),(149,3),(150,3),(151,3),(153,3),(154,3),(155,3),(156,3),(157,3),(159,3),(161,3),(162,3),(163,3),(164,3),(165,3),(166,3),(167,3),(168,3),(170,3),(171,3),(172,3),(173,3),(174,3),(175,3),(176,3),(177,3),(178,3),(179,3),(180,3),(181,3),(182,3),(183,3),(184,3),(185,3),(186,3),(187,3),(188,3),(189,3),(190,3),(191,3),(192,3),(193,3),(194,3),(195,3),(196,3),(197,3),(198,3),(199,3),(200,3),(201,3),(202,3),(203,3),(204,3),(205,3),(206,3),(208,3),(209,3),(210,3),(211,3),(212,3),(213,3),(215,3),(216,3),(217,3),(218,3),(219,3),(220,3),(221,3),(223,3),(224,3),(225,3),(226,3),(227,3),(228,3),(229,3),(230,3),(231,3),(234,3),(236,3),(239,3),(241,3),(242,3),(244,3),(245,3),(246,3),(247,3),(248,3),(249,3),(250,3),(251,3),(252,3),(253,3),(254,3),(256,3),(257,3),(258,3),(259,3),(261,3),(264,3),(265,3),(266,3),(267,3),(269,3),(270,3),(271,3),(273,3),(274,3),(275,3),(276,3),(277,3),(278,3),(280,3),(281,3),(282,3),(283,3),(284,3),(286,3),(288,3),(289,3),(290,3),(291,3),(292,3),(294,3),(296,3),(297,3),(298,3),(299,3),(300,3),(301,3),(302,3),(303,3),(304,3),(305,3),(308,3),(309,3),(311,3),(312,3),(313,3),(314,3),(315,3),(316,3),(319,3),(321,3),(324,3),(325,3),(326,3),(327,3),(328,3),(329,3),(331,3),(332,3),(333,3),(335,3),(336,3),(337,3),(338,3),(341,3),(342,3),(343,3),(344,3),(345,3),(347,3),(348,3),(350,3),(352,3),(353,3),(355,3),(358,3),(359,3),(360,3),(361,3),(362,3),(364,3),(365,3),(366,3),(367,3),(369,3),(370,3),(371,3),(372,3),(373,3),(374,3),(375,3),(376,3),(377,3),(379,3),(380,3),(381,3),(382,3),(385,3),(386,3),(387,3),(388,3),(389,3),(390,3),(393,3),(394,3),(396,3),(397,3),(399,3),(401,3),(402,3),(404,3),(405,3),(407,3),(408,3),(409,3),(411,3),(217,4),(218,4),(219,4),(220,4),(221,4),(222,4),(223,4),(225,4),(226,4),(227,4),(228,4),(229,4),(230,4),(231,4),(233,4),(234,4),(236,4),(237,4),(239,4),(240,4),(241,4),(242,4),(244,4),(245,4),(246,4),(247,4),(248,4),(249,4),(250,4),(251,4),(252,4),(253,4),(254,4),(256,4),(257,4),(258,4),(260,4),(261,4),(262,4),(263,4),(264,4),(265,4),(266,4),(267,4),(269,4),(270,4),(271,4),(273,4),(274,4),(275,4),(276,4),(278,4),(279,4),(280,4),(281,4),(4,5),(5,5),(6,5),(7,5),(8,5),(9,5),(11,5),(12,5),(13,5),(14,5),(15,5),(16,5),(17,5),(18,5),(19,5),(20,5),(21,5),(23,5),(24,5),(25,5),(28,5),(29,5),(30,5),(31,5),(32,5),(34,5),(35,5),(36,5),(37,5),(38,5),(40,5),(41,5),(42,5),(43,5),(44,5),(45,5),(46,5),(48,5),(49,5),(50,5),(51,5),(52,5),(53,5),(54,5),(56,5),(57,5),(58,5),(59,5),(60,5),(61,5),(62,5),(63,5),(64,5),(66,5),(67,5),(68,5),(69,5),(70,5),(71,5),(72,5),(73,5),(74,5),(75,5),(76,5),(77,5),(78,5),(79,5),(80,5),(81,5),(82,5),(83,5),(84,5),(85,5),(86,5),(87,5),(88,5),(90,5),(91,5),(94,5),(95,5),(96,5),(97,5),(98,5),(99,5),(100,5),(101,5),(103,5),(104,5),(105,5),(106,5),(107,5),(108,5),(109,5),(110,5),(111,5),(112,5),(113,5),(115,5),(116,5),(117,5),(118,5),(119,5),(120,5),(121,5),(122,5),(123,5),(124,5),(126,5),(127,5),(128,5),(129,5),(130,5),(131,5),(132,5),(133,5),(134,5),(135,5),(136,5),(137,5),(138,5),(139,5),(140,5),(141,5),(142,5),(143,5),(144,5),(145,5),(146,5),(147,5),(148,5),(150,5),(152,5),(153,5),(154,5),(156,5),(157,5),(159,5),(160,5),(161,5),(162,5),(163,5),(164,5),(165,5),(166,5),(167,5),(168,5),(171,5),(172,5),(173,5),(174,5),(175,5),(176,5),(178,5),(179,5),(180,5),(182,5),(183,5),(184,5),(185,5),(186,5),(187,5),(188,5),(189,5),(190,5),(191,5),(192,5),(193,5),(194,5),(195,5),(196,5),(197,5),(198,5),(199,5),(200,5),(201,5),(204,5),(205,5),(206,5),(208,5),(210,5),(211,5),(212,5),(213,5),(215,5),(216,5),(217,5),(218,5),(219,5),(220,5),(221,5),(222,5),(223,5),(224,5),(225,5),(226,5),(227,5),(228,5),(229,5),(230,5),(231,5),(234,5),(236,5),(237,5),(238,5),(240,5),(242,5),(244,5),(245,5),(246,5),(247,5),(248,5),(249,5),(250,5),(251,5),(252,5),(253,5),(254,5),(255,5),(256,5),(257,5),(258,5),(259,5),(260,5),(261,5),(262,5),(263,5),(264,5),(265,5),(266,5),(267,5),(268,5),(269,5),(270,5),(271,5),(273,5),(274,5),(275,5),(276,5),(277,5),(278,5),(279,5),(280,5),(281,5),(282,5),(283,5),(284,5),(286,5),(288,5),(289,5),(290,5),(291,5),(292,5),(294,5),(295,5),(296,5),(297,5),(298,5),(299,5),(300,5),(301,5),(302,5),(303,5),(304,5),(306,5),(308,5),(311,5),(312,5),(313,5),(314,5),(315,5),(316,5),(317,5),(319,5),(321,5),(323,5),(324,5),(325,5),(326,5),(327,5),(328,5),(329,5),(330,5),(331,5),(332,5),(333,5),(334,5),(335,5),(336,5),(337,5),(338,5),(341,5),(342,5),(343,5),(344,5),(345,5),(346,5),(347,5),(348,5),(349,5),(350,5),(352,5),(353,5),(354,5),(355,5),(358,5),(359,5),(360,5),(361,5),(362,5),(364,5),(365,5),(366,5),(367,5),(369,5),(370,5),(371,5),(372,5),(373,5),(374,5),(375,5),(376,5),(377,5),(378,5),(379,5),(380,5),(385,5),(386,5),(387,5),(389,5),(390,5),(391,5),(393,5),(394,5),(395,5),(396,5),(397,5),(398,5),(399,5),(401,5),(402,5),(404,5),(405,5),(407,5),(408,5),(409,5),(411,5),(4,6),(5,6),(6,6),(7,6),(8,6),(9,6),(10,6),(11,6),(12,6),(13,6),(14,6),(15,6),(16,6),(17,6),(18,6),(19,6),(20,6),(21,6),(22,6),(23,6),(24,6),(25,6),(29,6),(30,6),(31,6),(32,6),(33,6),(34,6),(35,6),(36,6),(37,6),(38,6),(39,6),(40,6),(41,6),(42,6),(43,6),(44,6),(45,6),(46,6),(47,6),(48,6),(49,6),(50,6),(51,6),(52,6),(53,6),(54,6),(56,6),(57,6),(58,6),(59,6),(60,6),(61,6),(62,6),(63,6),(64,6),(65,6),(66,6),(67,6),(68,6),(69,6),(70,6),(71,6),(72,6),(73,6),(74,6),(75,6),(76,6),(77,6),(78,6),(79,6),(80,6),(81,6),(82,6),(83,6),(84,6),(85,6),(86,6),(87,6),(88,6),(90,6),(91,6),(93,6),(95,6),(96,6),(97,6),(98,6),(99,6),(100,6),(101,6),(102,6),(103,6),(104,6),(105,6),(106,6),(107,6),(108,6),(109,6),(110,6),(111,6),(112,6),(113,6),(114,6),(115,6),(116,6),(117,6),(118,6),(119,6),(120,6),(121,6),(122,6),(123,6),(124,6),(125,6),(126,6),(127,6),(128,6),(129,6),(130,6),(131,6),(132,6),(133,6),(134,6),(135,6),(136,6),(137,6),(138,6),(139,6),(140,6),(141,6),(142,6),(143,6),(144,6),(145,6),(146,6),(147,6),(148,6),(150,6),(151,6),(152,6),(153,6),(154,6),(155,6),(156,6),(157,6),(158,6),(159,6),(160,6),(161,6),(162,6),(163,6),(164,6),(165,6),(166,6),(167,6),(168,6),(170,6),(171,6),(172,6),(173,6),(174,6),(175,6),(176,6),(177,6),(178,6),(179,6),(180,6),(181,6),(182,6),(183,6),(184,6),(185,6),(186,6),(187,6),(188,6),(189,6),(191,6),(192,6),(193,6),(194,6),(195,6),(196,6),(197,6),(198,6),(199,6),(201,6),(202,6),(203,6),(204,6),(206,6),(208,6),(209,6),(210,6),(211,6),(213,6),(215,6),(216,6),(296,6),(297,6),(298,6),(299,6),(300,6),(301,6),(302,6),(303,6),(304,6),(305,6),(306,6),(307,6),(308,6),(309,6),(313,6),(315,6),(316,6),(319,6),(321,6),(323,6),(324,6),(325,6),(326,6),(327,6),(328,6),(329,6),(330,6),(331,6),(332,6),(333,6),(334,6),(336,6),(337,6),(338,6),(339,6),(341,6),(342,6),(343,6),(344,6),(345,6),(347,6),(348,6),(350,6),(351,6),(353,6),(354,6),(355,6),(357,6),(358,6),(360,6),(362,6),(365,6),(367,6),(369,6),(371,6),(373,6),(374,6),(375,6),(376,6),(377,6),(379,6),(380,6),(381,6),(383,6),(384,6),(385,6),(386,6),(387,6),(388,6),(389,6),(390,6),(391,6),(392,6),(393,6),(394,6),(395,6),(396,6),(397,6),(398,6),(399,6),(400,6),(401,6),(402,6),(403,6),(404,6),(405,6),(406,6),(407,6),(408,6),(409,6),(410,6),(411,6),(14,7),(4,8),(5,8),(6,8),(7,8),(8,8),(9,8),(11,8),(12,8),(13,8),(15,8),(16,8),(17,8),(18,8),(19,8),(20,8),(21,8),(22,8),(23,8),(24,8),(25,8),(28,8),(29,8),(31,8),(32,8),(33,8),(34,8),(35,8),(36,8),(37,8),(38,8),(40,8),(41,8),(42,8),(43,8),(44,8),(45,8),(46,8),(48,8),(49,8),(51,8),(53,8),(57,8),(58,8),(59,8),(61,8),(62,8),(63,8),(64,8),(66,8),(67,8),(68,8),(70,8),(72,8),(73,8),(75,8),(76,8),(77,8),(78,8),(79,8),(80,8),(82,8),(83,8),(84,8),(85,8),(86,8),(87,8),(88,8),(91,8),(94,8),(95,8),(96,8),(97,8),(99,8),(100,8),(101,8),(104,8),(105,8),(107,8),(108,8),(109,8),(110,8),(111,8),(112,8),(113,8),(115,8),(116,8),(117,8),(118,8),(119,8),(120,8),(121,8),(122,8),(123,8),(124,8),(126,8),(127,8),(128,8),(129,8),(130,8),(131,8),(133,8),(136,8),(137,8),(138,8),(139,8),(140,8),(142,8),(143,8),(144,8),(145,8),(146,8),(147,8),(148,8),(150,8),(153,8),(154,8),(156,8),(157,8),(159,8),(160,8),(161,8),(162,8),(163,8),(164,8),(165,8),(166,8),(168,8),(171,8),(172,8),(173,8),(174,8),(176,8),(179,8),(180,8),(183,8),(184,8),(185,8),(186,8),(187,8),(189,8),(190,8),(191,8),(192,8),(193,8),(194,8),(195,8),(196,8),(197,8),(198,8),(199,8),(200,8),(201,8),(204,8),(205,8),(206,8),(208,8),(209,8),(210,8),(211,8),(212,8),(213,8),(216,8),(217,8),(218,8),(219,8),(220,8),(221,8),(223,8),(224,8),(225,8),(226,8),(227,8),(228,8),(229,8),(230,8),(231,8),(233,8),(234,8),(235,8),(236,8),(237,8),(240,8),(241,8),(242,8),(244,8),(245,8),(248,8),(249,8),(250,8),(251,8),(252,8),(253,8),(254,8),(255,8),(256,8),(257,8),(258,8),(265,8),(266,8),(269,8),(270,8),(271,8),(276,8),(277,8),(278,8),(279,8),(280,8),(281,8),(296,8),(297,8),(298,8),(299,8),(300,8),(302,8),(303,8),(304,8),(308,8),(311,8),(312,8),(313,8),(314,8),(315,8),(316,8),(319,8),(321,8),(322,8),(324,8),(325,8),(326,8),(327,8),(328,8),(329,8),(331,8),(332,8),(333,8),(334,8),(335,8),(336,8),(337,8),(338,8),(340,8),(341,8),(342,8),(343,8),(345,8),(347,8),(348,8),(349,8),(350,8),(352,8),(353,8),(355,8),(358,8),(359,8),(360,8),(362,8),(363,8),(364,8),(365,8),(366,8),(367,8),(369,8),(370,8),(371,8),(373,8),(374,8),(375,8),(376,8),(377,8),(379,8),(380,8),(385,8),(386,8),(387,8),(388,8),(389,8),(390,8),(391,8),(393,8),(395,8),(396,8),(397,8),(398,8),(399,8),(401,8),(402,8),(404,8),(405,8),(407,8),(408,8),(409,8),(411,8),(67,9),(70,9),(117,9),(140,9),(216,9),(232,9),(235,9),(253,9),(259,9),(348,9),(350,9),(357,9),(401,9),(407,9),(13,10),(18,10),(19,10),(21,10),(23,10),(30,10),(32,10),(38,10),(45,10),(49,10),(52,10),(56,10),(60,10),(75,10),(77,10),(103,10),(145,10),(146,10),(152,10),(160,10),(173,10),(178,10),(188,10),(238,10),(302,10),(311,10),(312,10),(315,10),(320,10),(324,10),(327,10),(337,10),(346,10),(347,10),(348,10),(350,10),(351,10),(355,10),(356,10),(357,10),(358,10),(363,10),(364,10),(376,10),(384,10),(387,10),(389,10),(390,10),(395,10),(406,10),(408,10),(4,11),(5,11),(6,11),(7,11),(8,11),(9,11),(10,11),(11,11),(12,11),(13,11),(14,11),(15,11),(16,11),(17,11),(18,11),(19,11),(20,11),(21,11),(22,11),(23,11),(24,11),(25,11),(27,11),(28,11),(29,11),(30,11),(31,11),(32,11),(33,11),(34,11),(35,11),(36,11),(37,11),(38,11),(39,11),(40,11),(41,11),(42,11),(43,11),(44,11),(45,11),(46,11),(47,11),(48,11),(49,11),(50,11),(51,11),(52,11),(53,11),(54,11),(56,11),(57,11),(58,11),(59,11),(60,11),(61,11),(62,11),(63,11),(64,11),(65,11),(66,11),(67,11),(68,11),(69,11),(70,11),(71,11),(72,11),(73,11),(74,11),(75,11),(76,11),(77,11),(78,11),(79,11),(80,11),(81,11),(82,11),(83,11),(84,11),(85,11),(86,11),(87,11),(88,11),(90,11),(91,11),(93,11),(94,11),(95,11),(96,11),(97,11),(98,11),(99,11),(100,11),(101,11),(102,11),(103,11),(104,11),(105,11),(106,11),(107,11),(108,11),(109,11),(110,11),(111,11),(112,11),(113,11),(114,11),(115,11),(116,11),(117,11),(118,11),(119,11),(120,11),(121,11),(122,11),(123,11),(124,11),(125,11),(126,11),(127,11),(128,11),(129,11),(130,11),(131,11),(132,11),(133,11),(134,11),(135,11),(136,11),(137,11),(138,11),(139,11),(140,11),(141,11),(142,11),(143,11),(144,11),(145,11),(146,11),(147,11),(148,11),(149,11),(150,11),(151,11),(152,11),(153,11),(154,11),(155,11),(156,11),(157,11),(158,11),(159,11),(161,11),(162,11),(163,11),(164,11),(165,11),(166,11),(167,11),(168,11),(170,11),(171,11),(172,11),(173,11),(174,11),(175,11),(176,11),(177,11),(178,11),(179,11),(180,11),(181,11),(182,11),(183,11),(184,11),(185,11),(186,11),(187,11),(188,11),(189,11),(190,11),(191,11),(192,11),(193,11),(194,11),(195,11),(196,11),(197,11),(198,11),(199,11),(201,11),(202,11),(204,11),(205,11),(206,11),(209,11),(210,11),(211,11),(213,11),(214,11),(215,11),(246,11),(261,11),(295,11),(296,11),(297,11),(298,11),(299,11),(300,11),(301,11),(302,11),(303,11),(304,11),(305,11),(306,11),(307,11),(308,11),(309,11),(310,11),(311,11),(312,11),(313,11),(314,11),(315,11),(316,11),(317,11),(318,11),(319,11),(320,11),(321,11),(323,11),(324,11),(325,11),(326,11),(327,11),(328,11),(329,11),(330,11),(331,11),(332,11),(333,11),(334,11),(335,11),(336,11),(337,11),(338,11),(339,11),(341,11),(342,11),(343,11),(344,11),(345,11),(346,11),(347,11),(348,11),(349,11),(350,11),(351,11),(352,11),(353,11),(354,11),(355,11),(356,11),(357,11),(358,11),(359,11),(360,11),(361,11),(362,11),(364,11),(365,11),(366,11),(367,11),(368,11),(369,11),(370,11),(371,11),(372,11),(373,11),(374,11),(375,11),(376,11),(377,11),(378,11),(379,11),(380,11),(381,11),(382,11),(383,11),(384,11),(385,11),(386,11),(387,11),(388,11),(389,11),(390,11),(391,11),(392,11),(393,11),(394,11),(395,11),(396,11),(397,11),(398,11),(399,11),(400,11),(401,11),(402,11),(403,11),(404,11),(405,11),(406,11),(407,11),(408,11),(409,11),(410,11),(411,11),(4,12),(5,12),(6,12),(7,12),(8,12),(9,12),(10,12),(11,12),(12,12),(13,12),(15,12),(16,12),(17,12),(18,12),(19,12),(20,12),(21,12),(22,12),(23,12),(24,12),(25,12),(28,12),(29,12),(30,12),(31,12),(32,12),(33,12),(34,12),(35,12),(36,12),(37,12),(38,12),(39,12),(40,12),(41,12),(42,12),(43,12),(44,12),(45,12),(46,12),(48,12),(49,12),(50,12),(51,12),(52,12),(53,12),(54,12),(56,12),(57,12),(58,12),(59,12),(60,12),(61,12),(62,12),(63,12),(64,12),(65,12),(66,12),(67,12),(68,12),(69,12),(70,12),(71,12),(72,12),(73,12),(74,12),(75,12),(76,12),(77,12),(78,12),(79,12),(80,12),(81,12),(82,12),(83,12),(84,12),(85,12),(86,12),(87,12),(88,12),(90,12),(91,12),(93,12),(94,12),(95,12),(97,12),(98,12),(99,12),(101,12),(102,12),(103,12),(104,12),(105,12),(106,12),(107,12),(108,12),(109,12),(110,12),(111,12),(112,12),(113,12),(114,12),(115,12),(116,12),(117,12),(118,12),(119,12),(120,12),(121,12),(122,12),(123,12),(124,12),(126,12),(127,12),(128,12),(129,12),(130,12),(131,12),(133,12),(134,12),(135,12),(136,12),(138,12),(139,12),(141,12),(142,12),(143,12),(144,12),(145,12),(146,12),(147,12),(148,12),(149,12),(150,12),(152,12),(153,12),(156,12),(157,12),(158,12),(159,12),(163,12),(164,12),(165,12),(166,12),(167,12),(168,12),(170,12),(171,12),(172,12),(173,12),(174,12),(175,12),(176,12),(177,12),(178,12),(179,12),(180,12),(181,12),(182,12),(183,12),(184,12),(185,12),(186,12),(187,12),(188,12),(189,12),(190,12),(191,12),(192,12),(193,12),(195,12),(196,12),(197,12),(198,12),(200,12),(201,12),(202,12),(204,12),(206,12),(208,12),(209,12),(210,12),(212,12),(213,12),(215,12),(216,12),(217,12),(218,12),(219,12),(220,12),(221,12),(222,12),(223,12),(225,12),(227,12),(228,12),(229,12),(230,12),(231,12),(232,12),(233,12),(234,12),(236,12),(237,12),(238,12),(239,12),(242,12),(243,12),(244,12),(245,12),(247,12),(248,12),(249,12),(251,12),(252,12),(254,12),(255,12),(256,12),(257,12),(258,12),(262,12),(264,12),(266,12),(267,12),(268,12),(269,12),(270,12),(271,12),(273,12),(274,12),(275,12),(276,12),(277,12),(278,12),(279,12),(280,12),(281,12),(295,12),(297,12),(300,12),(302,12),(303,12),(304,12),(305,12),(306,12),(307,12),(308,12),(309,12),(310,12),(311,12),(312,12),(313,12),(314,12),(315,12),(317,12),(318,12),(319,12),(320,12),(321,12),(324,12),(327,12),(328,12),(329,12),(336,12),(337,12),(338,12),(340,12),(341,12),(342,12),(343,12),(344,12),(345,12),(347,12),(348,12),(350,12),(355,12),(357,12),(358,12),(359,12),(360,12),(361,12),(362,12),(363,12),(364,12),(365,12),(366,12),(367,12),(368,12),(369,12),(370,12),(371,12),(372,12),(373,12),(375,12),(376,12),(377,12),(378,12),(380,12),(381,12),(383,12),(384,12),(385,12),(386,12),(388,12),(390,12),(392,12),(393,12),(394,12),(395,12),(396,12),(398,12),(399,12),(400,12),(401,12),(402,12),(403,12),(404,12),(406,12),(407,12),(408,12),(409,12),(410,12),(411,12),(9,13),(15,13),(16,13),(23,13),(24,13),(29,13),(35,13),(43,13),(51,13),(57,13),(63,13),(77,13),(78,13),(84,13),(88,13),(101,13),(103,13),(111,13),(115,13),(117,13),(119,13),(120,13),(126,13),(130,13),(135,13),(139,13),(140,13),(141,13),(163,13),(167,13),(188,13),(191,13),(197,13),(202,13),(204,13),(206,13),(209,13),(212,13),(221,13),(222,13),(223,13),(225,13),(227,13),(229,13),(230,13),(231,13),(232,13),(238,13),(239,13),(242,13),(245,13),(247,13),(249,13),(251,13),(252,13),(254,13),(255,13),(256,13),(257,13),(258,13),(259,13),(262,13),(263,13),(266,13),(268,13),(269,13),(270,13),(271,13),(273,13),(274,13),(275,13),(276,13),(277,13),(278,13),(279,13),(280,13),(281,13),(282,13),(283,13),(284,13),(286,13),(288,13),(289,13),(290,13),(291,13),(292,13),(294,13),(302,13),(303,13),(304,13),(305,13),(308,13),(312,13),(315,13),(317,13),(319,13),(321,13),(329,13),(337,13),(338,13),(343,13),(344,13),(348,13),(350,13),(355,13),(370,13),(371,13),(373,13),(375,13),(378,13),(384,13),(393,13),(396,13),(404,13),(407,13),(408,13),(4,14),(7,14),(8,14),(9,14),(10,14),(12,14),(14,14),(15,14),(16,14),(17,14),(19,14),(23,14),(25,14),(27,14),(29,14),(30,14),(31,14),(35,14),(39,14),(40,14),(41,14),(43,14),(45,14),(46,14),(47,14),(48,14),(49,14),(50,14),(51,14),(56,14),(57,14),(58,14),(60,14),(63,14),(65,14),(67,14),(73,14),(75,14),(77,14),(78,14),(79,14),(81,14),(82,14),(84,14),(86,14),(87,14),(88,14),(96,14),(98,14),(99,14),(100,14),(101,14),(102,14),(103,14),(104,14),(105,14),(106,14),(108,14),(109,14),(110,14),(111,14),(112,14),(113,14),(115,14),(116,14),(117,14),(118,14),(119,14),(120,14),(121,14),(123,14),(124,14),(125,14),(126,14),(130,14),(132,14),(133,14),(134,14),(136,14),(138,14),(139,14),(140,14),(142,14),(143,14),(145,14),(146,14),(147,14),(149,14),(150,14),(151,14),(153,14),(154,14),(155,14),(156,14),(160,14),(161,14),(162,14),(163,14),(164,14),(165,14),(166,14),(167,14),(168,14),(172,14),(173,14),(174,14),(175,14),(176,14),(177,14),(178,14),(182,14),(188,14),(194,14),(197,14),(200,14),(203,14),(211,14),(212,14),(213,14),(217,14),(218,14),(220,14),(224,14),(226,14),(235,14),(239,14),(240,14),(241,14),(245,14),(246,14),(247,14),(248,14),(250,14),(251,14),(253,14),(254,14),(255,14),(256,14),(257,14),(258,14),(261,14),(262,14),(264,14),(266,14),(267,14),(268,14),(269,14),(270,14),(271,14),(272,14),(273,14),(274,14),(275,14),(276,14),(277,14),(278,14),(279,14),(280,14),(281,14),(282,14),(283,14),(284,14),(285,14),(286,14),(287,14),(288,14),(289,14),(290,14),(291,14),(292,14),(293,14),(294,14),(295,14),(296,14),(297,14),(298,14),(299,14),(300,14),(301,14),(302,14),(303,14),(304,14),(305,14),(307,14),(308,14),(309,14),(310,14),(311,14),(312,14),(313,14),(314,14),(315,14),(316,14),(318,14),(319,14),(320,14),(321,14),(323,14),(324,14),(325,14),(326,14),(328,14),(329,14),(330,14),(331,14),(332,14),(333,14),(334,14),(335,14),(336,14),(337,14),(338,14),(339,14),(340,14),(341,14),(343,14),(345,14),(346,14),(348,14),(350,14),(351,14),(353,14),(354,14),(357,14),(358,14),(360,14),(361,14),(362,14),(363,14),(365,14),(367,14),(368,14),(371,14),(373,14),(375,14),(376,14),(377,14),(378,14),(380,14),(382,14),(383,14),(384,14),(385,14),(387,14),(388,14),(389,14),(390,14),(391,14),(392,14),(393,14),(394,14),(395,14),(396,14),(398,14),(399,14),(400,14),(401,14),(403,14),(404,14),(405,14),(407,14),(409,14),(410,14),(4,15),(6,15),(7,15),(8,15),(9,15),(11,15),(12,15),(13,15),(14,15),(15,15),(16,15),(17,15),(19,15),(20,15),(21,15),(23,15),(24,15),(25,15),(28,15),(29,15),(30,15),(31,15),(32,15),(34,15),(35,15),(36,15),(37,15),(38,15),(40,15),(41,15),(42,15),(43,15),(45,15),(46,15),(48,15),(49,15),(51,15),(53,15),(57,15),(58,15),(59,15),(61,15),(62,15),(63,15),(64,15),(66,15),(67,15),(68,15),(69,15),(70,15),(72,15),(73,15),(75,15),(77,15),(78,15),(79,15),(80,15),(81,15),(82,15),(83,15),(84,15),(85,15),(87,15),(88,15),(90,15),(91,15),(94,15),(95,15),(96,15),(97,15),(99,15),(100,15),(101,15),(104,15),(105,15),(107,15),(108,15),(109,15),(110,15),(111,15),(112,15),(113,15),(115,15),(116,15),(117,15),(119,15),(120,15),(121,15),(122,15),(123,15),(124,15),(126,15),(127,15),(128,15),(129,15),(130,15),(131,15),(132,15),(133,15),(136,15),(138,15),(139,15),(140,15),(142,15),(143,15),(144,15),(146,15),(147,15),(148,15),(150,15),(152,15),(153,15),(154,15),(156,15),(157,15),(161,15),(162,15),(163,15),(164,15),(165,15),(166,15),(168,15),(171,15),(172,15),(174,15),(176,15),(180,15),(183,15),(184,15),(185,15),(186,15),(187,15),(188,15),(189,15),(190,15),(191,15),(193,15),(194,15),(195,15),(197,15),(198,15),(200,15),(204,15),(205,15),(206,15),(209,15),(211,15),(212,15),(213,15),(215,15),(216,15),(217,15),(218,15),(219,15),(220,15),(221,15),(223,15),(225,15),(226,15),(227,15),(228,15),(229,15),(230,15),(231,15),(233,15),(234,15),(236,15),(237,15),(239,15),(240,15),(242,15),(244,15),(245,15),(248,15),(249,15),(250,15),(251,15),(252,15),(253,15),(254,15),(255,15),(256,15),(257,15),(258,15),(260,15),(261,15),(262,15),(263,15),(264,15),(266,15),(267,15),(268,15),(269,15),(270,15),(271,15),(273,15),(274,15),(275,15),(276,15),(277,15),(278,15),(279,15),(280,15),(281,15),(282,15),(283,15),(284,15),(286,15),(288,15),(289,15),(290,15),(291,15),(292,15),(294,15),(295,15),(296,15),(297,15),(299,15),(300,15),(302,15),(303,15),(304,15),(308,15),(309,15),(310,15),(311,15),(312,15),(313,15),(314,15),(315,15),(316,15),(317,15),(319,15),(320,15),(321,15),(322,15),(324,15),(325,15),(326,15),(327,15),(328,15),(329,15),(330,15),(331,15),(332,15),(333,15),(334,15),(335,15),(336,15),(337,15),(338,15),(341,15),(342,15),(343,15),(345,15),(346,15),(348,15),(349,15),(350,15),(352,15),(353,15),(358,15),(359,15),(360,15),(361,15),(362,15),(363,15),(364,15),(365,15),(366,15),(367,15),(369,15),(370,15),(371,15),(372,15),(373,15),(374,15),(375,15),(376,15),(377,15),(378,15),(379,15),(380,15),(381,15),(382,15),(385,15),(386,15),(387,15),(389,15),(390,15),(391,15),(393,15),(394,15),(395,15),(396,15),(397,15),(398,15),(399,15),(401,15),(402,15),(404,15),(405,15),(406,15),(407,15),(409,15),(411,15),(4,16),(5,16),(6,16),(7,16),(8,16),(9,16),(10,16),(11,16),(12,16),(13,16),(14,16),(15,16),(16,16),(17,16),(18,16),(19,16),(20,16),(21,16),(22,16),(23,16),(24,16),(25,16),(27,16),(28,16),(29,16),(30,16),(31,16),(32,16),(33,16),(34,16),(35,16),(36,16),(37,16),(38,16),(39,16),(40,16),(41,16),(42,16),(43,16),(44,16),(45,16),(46,16),(47,16),(48,16),(49,16),(50,16),(51,16),(52,16),(53,16),(54,16),(56,16),(57,16),(58,16),(59,16),(60,16),(61,16),(62,16),(63,16),(64,16),(65,16),(66,16),(67,16),(68,16),(69,16),(70,16),(71,16),(72,16),(73,16),(74,16),(75,16),(76,16),(77,16),(78,16),(79,16),(80,16),(81,16),(82,16),(83,16),(84,16),(85,16),(86,16),(87,16),(88,16),(90,16),(91,16),(93,16),(94,16),(95,16),(96,16),(97,16),(98,16),(99,16),(100,16),(101,16),(102,16),(103,16),(104,16),(105,16),(106,16),(107,16),(108,16),(109,16),(110,16),(111,16),(112,16),(113,16),(114,16),(115,16),(116,16),(117,16),(118,16),(119,16),(120,16),(121,16),(122,16),(123,16),(124,16),(125,16),(126,16),(127,16),(128,16),(129,16),(130,16),(131,16),(132,16),(133,16),(134,16),(135,16),(136,16),(137,16),(138,16),(139,16),(140,16),(141,16),(142,16),(143,16),(144,16),(145,16),(146,16),(147,16),(148,16),(149,16),(150,16),(151,16),(152,16),(153,16),(154,16),(155,16),(156,16),(157,16),(158,16),(159,16),(160,16),(161,16),(162,16),(163,16),(164,16),(165,16),(166,16),(167,16),(168,16),(170,16),(171,16),(172,16),(173,16),(174,16),(175,16),(176,16),(177,16),(178,16),(179,16),(180,16),(181,16),(182,16),(183,16),(184,16),(185,16),(186,16),(187,16),(188,16),(189,16),(190,16),(191,16),(192,16),(193,16),(194,16),(195,16),(196,16),(197,16),(198,16),(199,16),(200,16),(201,16),(202,16),(203,16),(204,16),(205,16),(206,16),(208,16),(209,16),(210,16),(211,16),(212,16),(213,16),(214,16),(215,16),(216,16),(217,16),(218,16),(219,16),(220,16),(221,16),(222,16),(223,16),(224,16),(225,16),(226,16),(227,16),(228,16),(229,16),(230,16),(231,16),(232,16),(233,16),(234,16),(235,16),(236,16),(237,16),(238,16),(239,16),(240,16),(241,16),(242,16),(243,16),(244,16),(245,16),(246,16),(247,16),(248,16),(249,16),(250,16),(251,16),(252,16),(253,16),(254,16),(255,16),(256,16),(257,16),(258,16),(259,16),(260,16),(261,16),(262,16),(263,16),(264,16),(266,16),(267,16),(268,16),(269,16),(270,16),(271,16),(272,16),(273,16),(274,16),(275,16),(276,16),(277,16),(278,16),(279,16),(280,16),(281,16),(282,16),(283,16),(284,16),(285,16),(286,16),(287,16),(288,16),(289,16),(290,16),(291,16),(292,16),(293,16),(294,16),(295,16),(296,16),(297,16),(298,16),(299,16),(300,16),(301,16),(302,16),(303,16),(304,16),(305,16),(306,16),(307,16),(308,16),(309,16),(310,16),(311,16),(312,16),(313,16),(314,16),(315,16),(316,16),(317,16),(318,16),(319,16),(320,16),(321,16),(322,16),(323,16),(324,16),(325,16),(326,16),(327,16),(328,16),(329,16),(330,16),(331,16),(332,16),(333,16),(334,16),(335,16),(336,16),(337,16),(338,16),(339,16),(340,16),(341,16),(342,16),(343,16),(344,16),(345,16),(346,16),(347,16),(348,16),(349,16),(350,16),(351,16),(352,16),(353,16),(354,16),(355,16),(356,16),(357,16),(358,16),(359,16),(360,16),(361,16),(362,16),(363,16),(364,16),(365,16),(366,16),(367,16),(368,16),(369,16),(370,16),(371,16),(372,16),(373,16),(374,16),(375,16),(376,16),(377,16),(378,16),(379,16),(380,16),(381,16),(383,16),(384,16),(385,16),(386,16),(387,16),(388,16),(389,16),(390,16),(391,16),(392,16),(393,16),(394,16),(395,16),(396,16),(397,16),(398,16),(399,16),(400,16),(401,16),(402,16),(403,16),(404,16),(405,16),(406,16),(407,16),(408,16),(409,16),(410,16),(411,16),(4,17),(5,17),(6,17),(7,17),(8,17),(9,17),(10,17),(11,17),(12,17),(13,17),(14,17),(15,17),(16,17),(17,17),(18,17),(19,17),(20,17),(21,17),(22,17),(23,17),(24,17),(25,17),(29,17),(30,17),(31,17),(32,17),(33,17),(34,17),(35,17),(36,17),(37,17),(38,17),(40,17),(41,17),(42,17),(43,17),(44,17),(45,17),(46,17),(47,17),(48,17),(49,17),(50,17),(51,17),(52,17),(53,17),(54,17),(56,17),(57,17),(58,17),(59,17),(60,17),(61,17),(62,17),(63,17),(64,17),(65,17),(66,17),(67,17),(68,17),(69,17),(70,17),(71,17),(72,17),(73,17),(74,17),(75,17),(76,17),(77,17),(78,17),(79,17),(80,17),(81,17),(82,17),(83,17),(84,17),(85,17),(86,17),(87,17),(88,17),(89,17),(90,17),(91,17),(93,17),(94,17),(95,17),(96,17),(97,17),(98,17),(99,17),(100,17),(101,17),(102,17),(103,17),(104,17),(105,17),(106,17),(107,17),(108,17),(109,17),(110,17),(111,17),(112,17),(113,17),(114,17),(115,17),(116,17),(117,17),(118,17),(119,17),(120,17),(121,17),(122,17),(123,17),(124,17),(125,17),(126,17),(127,17),(128,17),(129,17),(130,17),(131,17),(132,17),(133,17),(134,17),(135,17),(136,17),(137,17),(138,17),(139,17),(140,17),(141,17),(142,17),(143,17),(144,17),(145,17),(146,17),(147,17),(148,17),(149,17),(150,17),(151,17),(152,17),(153,17),(154,17),(155,17),(156,17),(157,17),(158,17),(159,17),(160,17),(161,17),(162,17),(163,17),(164,17),(165,17),(166,17),(167,17),(168,17),(170,17),(171,17),(172,17),(173,17),(174,17),(175,17),(176,17),(177,17),(178,17),(179,17),(180,17),(181,17),(182,17),(183,17),(184,17),(185,17),(186,17),(187,17),(188,17),(189,17),(190,17),(191,17),(192,17),(193,17),(194,17),(195,17),(196,17),(197,17),(198,17),(199,17),(200,17),(201,17),(202,17),(203,17),(204,17),(206,17),(209,17),(210,17),(211,17),(212,17),(213,17),(215,17),(216,17),(217,17),(218,17),(219,17),(220,17),(221,17),(222,17),(223,17),(224,17),(225,17),(226,17),(227,17),(228,17),(229,17),(230,17),(231,17),(233,17),(234,17),(235,17),(236,17),(237,17),(239,17),(240,17),(242,17),(243,17),(244,17),(245,17),(247,17),(248,17),(249,17),(250,17),(251,17),(252,17),(253,17),(254,17),(255,17),(256,17),(257,17),(258,17),(259,17),(260,17),(261,17),(262,17),(263,17),(264,17),(265,17),(266,17),(267,17),(268,17),(269,17),(270,17),(271,17),(272,17),(273,17),(274,17),(275,17),(276,17),(277,17),(278,17),(279,17),(280,17),(281,17),(282,17),(283,17),(284,17),(285,17),(286,17),(287,17),(288,17),(289,17),(290,17),(291,17),(292,17),(293,17),(294,17),(295,17),(296,17),(297,17),(298,17),(299,17),(300,17),(301,17),(302,17),(303,17),(304,17),(305,17),(306,17),(307,17),(308,17),(309,17),(313,17),(315,17),(316,17),(319,17),(321,17),(323,17),(324,17),(325,17),(326,17),(327,17),(328,17),(329,17),(330,17),(331,17),(332,17),(333,17),(334,17),(336,17),(337,17),(338,17),(339,17),(341,17),(342,17),(343,17),(344,17),(345,17),(347,17),(348,17),(350,17),(351,17),(353,17),(354,17),(355,17),(356,17),(357,17),(358,17),(360,17),(362,17),(365,17),(367,17),(369,17),(371,17),(373,17),(374,17),(375,17),(376,17),(377,17),(378,17),(379,17),(380,17),(381,17),(383,17),(384,17),(385,17),(386,17),(387,17),(388,17),(389,17),(390,17),(391,17),(392,17),(393,17),(394,17),(395,17),(396,17),(397,17),(398,17),(399,17),(400,17),(401,17),(402,17),(403,17),(404,17),(405,17),(406,17),(407,17),(408,17),(409,17),(410,17),(411,17),(4,18),(5,18),(6,18),(7,18),(8,18),(9,18),(11,18),(12,18),(13,18),(14,18),(15,18),(16,18),(17,18),(18,18),(19,18),(20,18),(21,18),(22,18),(23,18),(24,18),(25,18),(28,18),(29,18),(30,18),(31,18),(32,18),(33,18),(34,18),(35,18),(36,18),(37,18),(38,18),(40,18),(41,18),(42,18),(43,18),(44,18),(45,18),(46,18),(47,18),(48,18),(49,18),(50,18),(51,18),(52,18),(53,18),(54,18),(57,18),(58,18),(59,18),(61,18),(62,18),(63,18),(64,18),(66,18),(67,18),(68,18),(69,18),(70,18),(71,18),(72,18),(73,18),(74,18),(75,18),(76,18),(77,18),(78,18),(79,18),(80,18),(81,18),(82,18),(83,18),(84,18),(85,18),(86,18),(87,18),(88,18),(90,18),(91,18),(93,18),(95,18),(96,18),(97,18),(98,18),(99,18),(100,18),(101,18),(103,18),(104,18),(105,18),(107,18),(108,18),(109,18),(110,18),(111,18),(112,18),(113,18),(114,18),(115,18),(116,18),(117,18),(118,18),(119,18),(120,18),(121,18),(122,18),(123,18),(124,18),(126,18),(127,18),(128,18),(129,18),(130,18),(131,18),(132,18),(133,18),(134,18),(136,18),(137,18),(138,18),(139,18),(140,18),(142,18),(143,18),(144,18),(145,18),(146,18),(147,18),(148,18),(150,18),(152,18),(153,18),(154,18),(156,18),(157,18),(160,18),(161,18),(162,18),(163,18),(164,18),(165,18),(166,18),(167,18),(168,18),(171,18),(172,18),(173,18),(174,18),(176,18),(177,18),(178,18),(179,18),(180,18),(182,18),(183,18),(184,18),(185,18),(186,18),(187,18),(188,18),(189,18),(190,18),(191,18),(192,18),(193,18),(194,18),(195,18),(196,18),(197,18),(198,18),(199,18),(200,18),(201,18),(203,18),(204,18),(206,18),(208,18),(209,18),(210,18),(211,18),(212,18),(213,18),(215,18),(216,18),(217,18),(218,18),(219,18),(220,18),(221,18),(222,18),(223,18),(225,18),(226,18),(227,18),(228,18),(229,18),(230,18),(231,18),(234,18),(236,18),(237,18),(239,18),(242,18),(244,18),(245,18),(248,18),(249,18),(250,18),(251,18),(252,18),(254,18),(255,18),(256,18),(257,18),(258,18),(260,18),(261,18),(262,18),(263,18),(264,18),(265,18),(266,18),(267,18),(268,18),(269,18),(270,18),(271,18),(273,18),(274,18),(275,18),(276,18),(277,18),(278,18),(279,18),(280,18),(281,18),(296,18),(297,18),(298,18),(299,18),(300,18),(301,18),(302,18),(303,18),(304,18),(305,18),(306,18),(308,18),(309,18),(311,18),(312,18),(313,18),(314,18),(315,18),(316,18),(317,18),(319,18),(321,18),(322,18),(323,18),(324,18),(325,18),(326,18),(327,18),(328,18),(329,18),(331,18),(332,18),(333,18),(334,18),(335,18),(336,18),(337,18),(338,18),(341,18),(342,18),(343,18),(345,18),(348,18),(350,18),(352,18),(353,18),(355,18),(356,18),(358,18),(359,18),(360,18),(361,18),(362,18),(364,18),(365,18),(366,18),(367,18),(369,18),(370,18),(371,18),(372,18),(373,18),(374,18),(375,18),(376,18),(377,18),(379,18),(380,18),(381,18),(385,18),(386,18),(387,18),(388,18),(389,18),(390,18),(391,18),(393,18),(394,18),(396,18),(397,18),(398,18),(399,18),(401,18),(402,18),(404,18),(405,18),(406,18),(407,18),(408,18),(409,18),(411,18);
/*!40000 ALTER TABLE `painting_colors` ENABLE KEYS */;
UNLOCK TABLES;

--
-- Table structure for table `paintings`
--

DROP TABLE IF EXISTS `paintings`;
/*!40101 SET @saved_cs_client     = @@character_set_client */;
/*!50503 SET character_set_client = utf8mb4 */;
CREATE TABLE `paintings` (
  `painting_id` int NOT NULL,
  `img_src` varchar(255) DEFAULT NULL,
  `painting_title` varchar(255) DEFAULT NULL,
  `season` int DEFAULT NULL,
  `episode` int DEFAULT NULL,
  `num_colors` int DEFAULT NULL,
  `youtube_src` varchar(255) DEFAULT NULL,
  PRIMARY KEY (`painting_id`)
) ENGINE=InnoDB DEFAULT CHARSET=utf8mb4 COLLATE=utf8mb4_0900_ai_ci;
/*!40101 SET character_set_client = @saved_cs_client */;

--
-- Dumping data for table `paintings`
--

LOCK TABLES `paintings` WRITE;
/*!40000 ALTER TABLE `paintings` DISABLE KEYS */;
INSERT INTO `paintings` VALUES (4,'https://www.twoinchbrush.com/images/painting4.png','Countryside_Oval',22,4,12,'https://www.youtube.com/embed/hdNH5axK4u0\r'),(5,'https://www.twoinchbrush.com/images/painting5.png','Russet_Winter',22,5,9,'https://www.youtube.com/embed/aE4nID1p-t0\r'),(6,'https://www.twoinchbrush.com/images/painting6.png','Purple_Haze',22,6,11,'https://www.youtube.com/embed/ZoJ2tcXWb7g\r'),(7,'https://www.twoinchbrush.com/images/painting7.png','Dimensions',22,7,12,'https://www.youtube.com/embed/JUuP75RVZDI\r'),(8,'https://www.twoinchbrush.com/images/painting8.png','Deep_Wilderness_Home',22,8,12,'https://www.youtube.com/embed/uZWNvDFfbUk\r'),(9,'https://www.twoinchbrush.com/images/painting9.png','Haven_in_the_Valley',22,9,13,'https://www.youtube.com/embed/Qccgam514ds\r'),(10,'https://www.twoinchbrush.com/images/painting10.png','Wintertime_Blues',22,10,7,'https://www.youtube.com/embed/dbMJVM4iL2Q\r'),(11,'https://www.twoinchbrush.com/images/painting11.png','Pastel_Seascape',22,11,11,'https://www.youtube.com/embed/K4aud_SpFDQ\r'),(12,'https://www.twoinchbrush.com/images/painting12.png','Country_Creek',22,12,13,'https://www.youtube.com/embed/JDa6JPcqy88\r'),(13,'https://www.twoinchbrush.com/images/painting13.png','Silent_Forest',22,13,13,'https://www.youtube.com/embed/AE1GKcL3NuI\r'),(14,'https://www.twoinchbrush.com/images/painting14.png','Autumn_Images',22,1,11,'https://www.youtube.com/embed/HMx34Am6RFg\r'),(15,'https://www.twoinchbrush.com/images/painting15.png','Hint_of_Springtime',22,2,13,'https://www.youtube.com/embed/C-OSaHvt8ms\r'),(16,'https://www.twoinchbrush.com/images/painting16.png','Around_the_Bend',22,3,14,'https://www.youtube.com/embed/Kl5X3icOVvw\r'),(17,'https://www.twoinchbrush.com/images/painting17.png','Valley_View',21,1,13,'https://www.youtube.com/embed/pw5ETGiiBRg\r'),(18,'https://www.twoinchbrush.com/images/painting18.png','Tranquil_Dawn',21,2,10,'https://www.youtube.com/embed/4abDq6Q-mlM\r'),(19,'https://www.twoinchbrush.com/images/painting19.png','Royal_Majesty',21,3,14,'https://www.youtube.com/embed/ubUXBqE6t0U\r'),(20,'https://www.twoinchbrush.com/images/painting20.png','Serenity',21,4,12,'https://www.youtube.com/embed/crqmO3qDdco\r'),(21,'https://www.twoinchbrush.com/images/painting21.png','Cabin_at_Trails_End',21,5,13,'https://www.youtube.com/embed/GLkLO4KqTRs\r'),(22,'https://www.twoinchbrush.com/images/painting22.png','Mountain_Rhapsody',21,6,8,'https://www.youtube.com/embed/H4VsmKU5T7g\r'),(23,'https://www.twoinchbrush.com/images/painting23.png','Wilderness_Cabin',21,7,14,'https://www.youtube.com/embed/GWehiacnd1E\r'),(24,'https://www.twoinchbrush.com/images/painting24.png','By_the_Sea',21,8,13,'https://www.youtube.com/embed/8tHHBTK6wwc\r'),(25,'https://www.twoinchbrush.com/images/painting25.png','Indian_Summer',21,9,13,'https://www.youtube.com/embed/pfWV8NkotvU\r'),(27,'https://www.twoinchbrush.com/images/painting27.png','Blue_Winter',21,10,3,'https://www.youtube.com/embed/liR0gS0sZY0\r'),(28,'https://www.twoinchbrush.com/images/painting28.png','Desert_Glow',21,11,9,'https://www.youtube.com/embed/QyncJfL_HmU\r'),(29,'https://www.twoinchbrush.com/images/painting29.png','Lone_Mountain',21,12,13,'https://www.youtube.com/embed/NJbzIftLLmU\r'),(30,'https://www.twoinchbrush.com/images/painting30.png','Florida\'s_Glory',21,13,11,'https://www.youtube.com/embed/HQC5sPN9Xhc\r'),(31,'https://www.twoinchbrush.com/images/painting31.png','Mystic_Mountain',20,1,12,'https://www.youtube.com/embed/VlucWfTUo1A\r'),(32,'https://www.twoinchbrush.com/images/painting32.png','New_Day\'s_Dawn',20,2,12,'https://www.youtube.com/embed/vbPdQ0w8ylg\r'),(33,'https://www.twoinchbrush.com/images/painting33.png','Winter_in_Pastel',20,3,9,'https://www.youtube.com/embed/kbnXZRNMouM\r'),(34,'https://www.twoinchbrush.com/images/painting34.png','Hazy_Day',20,4,11,'https://www.youtube.com/embed/5U3G61r35Mc\r'),(35,'https://www.twoinchbrush.com/images/painting35.png','Divine_Elegance',20,5,12,'https://www.youtube.com/embed/mb-Gwx1S5Gs\r'),(36,'https://www.twoinchbrush.com/images/painting36.png','Cliffside',20,6,12,'https://www.youtube.com/embed/p6Uy2qOLvGk\r'),(37,'https://www.twoinchbrush.com/images/painting37.png','Autumn_Fantasy',20,7,11,'https://www.youtube.com/embed/FozIp7Va7dY\r'),(38,'https://www.twoinchbrush.com/images/painting38.png','The_Old_Oak_Tree',20,8,13,'https://www.youtube.com/embed/dN4HjAn8p5U\r'),(39,'https://www.twoinchbrush.com/images/painting39.png','Winter_Paradise',20,9,6,'https://www.youtube.com/embed/DY1aBv8Z1SQ\r'),(40,'https://www.twoinchbrush.com/images/painting40.png','Days_Gone_By',20,10,12,'https://www.youtube.com/embed/DmYhNHVIdMI\r'),(41,'https://www.twoinchbrush.com/images/painting41.png','Change_of_Seasons',20,11,12,'https://www.youtube.com/embed/QbgPu5f2Vf8\r'),(42,'https://www.twoinchbrush.com/images/painting42.png','Hidden_Delight',20,12,11,'https://www.youtube.com/embed/ZyPNzDaaDt8\r'),(43,'https://www.twoinchbrush.com/images/painting43.png','Double_Take',20,13,13,'https://www.youtube.com/embed/ppzFgG2K2k4\r'),(44,'https://www.twoinchbrush.com/images/painting44.png','Snowfall_Magic',19,1,10,'https://www.youtube.com/embed/1enWTsRi16o\r'),(45,'https://www.twoinchbrush.com/images/painting45.png','Quiet_Mountain_Lake',19,2,14,'https://www.youtube.com/embed/2gq2V6dCt2I\r'),(46,'https://www.twoinchbrush.com/images/painting46.png','Final_Embers_of_Sunlight',19,3,12,'https://www.youtube.com/embed/IeFbdk36MUU\r'),(47,'https://www.twoinchbrush.com/images/painting47.png','Snowy_Morn',19,4,7,'https://www.youtube.com/embed/iB1TDWlo0kk\r'),(48,'https://www.twoinchbrush.com/images/painting48.png','Camper\'s_Haven',19,5,11,'https://www.youtube.com/embed/C34WAUgkAT0\r'),(49,'https://www.twoinchbrush.com/images/painting49.png','Waterfall_in_the_Woods',19,6,14,'https://www.youtube.com/embed/uBRKVa7sy1Q\r'),(50,'https://www.twoinchbrush.com/images/painting50.png','Covered_Bridge_Oval',19,7,10,'https://www.youtube.com/embed/F4iPbH1OHsQ\r'),(51,'https://www.twoinchbrush.com/images/painting51.png','Scenic_Seclusion',19,8,13,'https://www.youtube.com/embed/d50HkqB9JEM\r'),(52,'https://www.twoinchbrush.com/images/painting52.png','Ebb_Tide',19,9,10,'https://www.youtube.com/embed/mFOna_LN7Ys\r'),(53,'https://www.twoinchbrush.com/images/painting53.png','After_the_Rain',19,10,12,'https://www.youtube.com/embed/Wj-3ct7RvAI\r'),(54,'https://www.twoinchbrush.com/images/painting54.png','Winter_Elegance',19,11,9,'https://www.youtube.com/embed/JjBZzKp_u5E\r'),(56,'https://www.twoinchbrush.com/images/painting56.png','Evening\'s_Peace',19,12,10,'https://www.youtube.com/embed/uEUMVwc4o5U\r'),(57,'https://www.twoinchbrush.com/images/painting57.png','Valley_of_Tranquility',19,13,13,'https://www.youtube.com/embed/FnY7jDY5PsE\r'),(58,'https://www.twoinchbrush.com/images/painting58.png','Half-Oval_Vignette',18,1,12,'https://www.youtube.com/embed/uY3fIry2tOE\r'),(59,'https://www.twoinchbrush.com/images/painting59.png','Absolutely_Autumn',18,2,11,'https://www.youtube.com/embed/PGPVpil2UmE\r'),(60,'https://www.twoinchbrush.com/images/painting60.png','Mountain_Seclusion',18,3,10,'https://www.youtube.com/embed/EBZKuVbRY54\r'),(61,'https://www.twoinchbrush.com/images/painting61.png','Crimson_Oval',18,4,12,'https://www.youtube.com/embed/R7Y3izMFPbM\r'),(62,'https://www.twoinchbrush.com/images/painting62.png','Autumn_Exhibition',18,5,11,'https://www.youtube.com/embed/6afHY2d9Lv8\r'),(63,'https://www.twoinchbrush.com/images/painting63.png','Majestic_Peaks',18,6,13,'https://www.youtube.com/embed/lilbzLCNnDo\r'),(64,'https://www.twoinchbrush.com/images/painting64.png','Golden_Morning_Mist',18,7,12,'https://www.youtube.com/embed/rCHXqj4DHlM\r'),(65,'https://www.twoinchbrush.com/images/painting65.png','Winter_Lace',18,8,8,'https://www.youtube.com/embed/WJF_qoQRPck\r'),(66,'https://www.twoinchbrush.com/images/painting66.png','Seascape_Fantasy',18,9,11,'https://www.youtube.com/embed/sBBBilrDuSw\r'),(67,'https://www.twoinchbrush.com/images/painting67.png','Double_Oval_Stream',18,10,13,'https://www.youtube.com/embed/rRjnHdr9DmU\r'),(68,'https://www.twoinchbrush.com/images/painting68.png','Enchanted_Forest',18,11,12,'https://www.youtube.com/embed/ikR7UT9mVBw\r'),(69,'https://www.twoinchbrush.com/images/painting69.png','Southwest_Serenity',18,12,10,'https://www.youtube.com/embed/EVfPPJ5FUmA\r'),(70,'https://www.twoinchbrush.com/images/painting70.png','Rippling_Waters',18,13,12,'https://www.youtube.com/embed/XvnJBynSiT0\r'),(71,'https://www.twoinchbrush.com/images/painting71.png','Golden_Mist_Oval',17,1,9,'https://www.youtube.com/embed/lhpfaW0k6uM\r'),(72,'https://www.twoinchbrush.com/images/painting72.png','The_Old_Home_Place',17,2,11,'https://www.youtube.com/embed/EVQcDEiJh2o\r'),(73,'https://www.twoinchbrush.com/images/painting73.png','Soothing_Vista',17,3,13,'https://www.youtube.com/embed/NqfRLiv0SZ0\r'),(74,'https://www.twoinchbrush.com/images/painting74.png','Stormy_Seas',17,4,9,'https://www.youtube.com/embed/LE6agCR5iBw\r'),(75,'https://www.twoinchbrush.com/images/painting75.png','Country_Time',17,5,13,'https://www.youtube.com/embed/e_bt9rQoGN0\r'),(76,'https://www.twoinchbrush.com/images/painting76.png','A_Mild_Winter\'s_Day',17,6,10,'https://www.youtube.com/embed/BbYO579MmhA\r'),(77,'https://www.twoinchbrush.com/images/painting77.png','Spectacular_Waterfall',17,7,15,'https://www.youtube.com/embed/nK-HebXL2uw\r'),(78,'https://www.twoinchbrush.com/images/painting78.png','View_from_the_Park',17,8,13,'https://www.youtube.com/embed/Q4n90jsOUtY\r'),(79,'https://www.twoinchbrush.com/images/painting79.png','Lake_View',17,9,12,'https://www.youtube.com/embed/07acfzBaoa0\r'),(80,'https://www.twoinchbrush.com/images/painting80.png','Old_Country_Mill',17,10,11,'https://www.youtube.com/embed/n8HlFCQACYA\r'),(81,'https://www.twoinchbrush.com/images/painting81.png','Morning_Walk',17,11,12,'https://www.youtube.com/embed/pSvgNkQdR2Y\r'),(82,'https://www.twoinchbrush.com/images/painting82.png','Nature\'s_Splendor',17,12,13,'https://www.youtube.com/embed/uCAtI2IwEwk\r'),(83,'https://www.twoinchbrush.com/images/painting83.png','Mountain_Beauty',17,13,11,'https://www.youtube.com/embed/8P-YeoTmVrw\r'),(84,'https://www.twoinchbrush.com/images/painting84.png','Two_Seasons',16,1,13,'https://www.youtube.com/embed/jwVz0uTLH1I\r'),(85,'https://www.twoinchbrush.com/images/painting85.png','Nestled_Cabin',16,2,12,'https://www.youtube.com/embed/l_jN9KN257M\r'),(86,'https://www.twoinchbrush.com/images/painting86.png','Wintertime_Discovery',16,3,11,'https://www.youtube.com/embed/uZyZW3tkCE0\r'),(87,'https://www.twoinchbrush.com/images/painting87.png','Mountain_Mirage_Wood_Shape',16,4,12,'https://www.youtube.com/embed/jfCsew_mz7A\r'),(88,'https://www.twoinchbrush.com/images/painting88.png','Double_Oval_Fantasy',16,5,13,'https://www.youtube.com/embed/4jAsLpJzjHM\r'),(89,'https://www.twoinchbrush.com/images/painting89.png','Contemplative_Lady',16,6,1,'https://www.youtube.com/embed/gnp6WE7Ql-s\r'),(90,'https://www.twoinchbrush.com/images/painting90.png','Deep_Woods',16,7,10,'https://www.youtube.com/embed/rE5ZVs_YJfE\r'),(91,'https://www.twoinchbrush.com/images/painting91.png','High_Tide',16,8,12,'https://www.youtube.com/embed/_IREQ4SIcX8\r'),(93,'https://www.twoinchbrush.com/images/painting93.png','Barn_in_Snow_Oval',16,9,7,'https://www.youtube.com/embed/wJmi7-G9r-w\r'),(94,'https://www.twoinchbrush.com/images/painting94.png','That_Time_of_Year',16,10,9,'https://www.youtube.com/embed/q5moLoqOkP0\r'),(95,'https://www.twoinchbrush.com/images/painting95.png','Waterfall_Wonder',16,11,11,'https://www.youtube.com/embed/AGhXEPfp-W4\r'),(96,'https://www.twoinchbrush.com/images/painting96.png','Mighty_Mountain_Lake',16,12,11,'https://www.youtube.com/embed/4vXB2R8ybDE\r'),(97,'https://www.twoinchbrush.com/images/painting97.png','Wooded_Stream_Oval',16,13,12,'https://www.youtube.com/embed/-XA2h17y3HU\r'),(98,'https://www.twoinchbrush.com/images/painting98.png','Splendor_of_Winter',15,1,10,'https://www.youtube.com/embed/oJvk7gPDHiE\r'),(99,'https://www.twoinchbrush.com/images/painting99.png','Colors_of_Nature',15,2,12,'https://www.youtube.com/embed/Me9Ietooq4w\r'),(100,'https://www.twoinchbrush.com/images/painting100.png','Grandpa\'s_Barn',15,3,11,'https://www.youtube.com/embed/IPPU49PyfEA\r'),(101,'https://www.twoinchbrush.com/images/painting101.png','Peaceful_Reflections',15,4,13,'https://www.youtube.com/embed/gYuH4Ilqdhs\r'),(102,'https://www.twoinchbrush.com/images/painting102.png','Hidden_Winter_Moon_Oval',15,5,8,'https://www.youtube.com/embed/yxAMOdl6RJE\r'),(103,'https://www.twoinchbrush.com/images/painting103.png','Waves_of_Wonder',15,6,12,'https://www.youtube.com/embed/tayQX_ng-Nc\r'),(104,'https://www.twoinchbrush.com/images/painting104.png','Cabin_by_the_Pond',15,7,12,'https://www.youtube.com/embed/TyOO6WeP2AY\r'),(105,'https://www.twoinchbrush.com/images/painting105.png','Fall_Stream',15,8,12,'https://www.youtube.com/embed/ZY0ofhdV_L0\r'),(106,'https://www.twoinchbrush.com/images/painting106.png','Christmas_Eve_Snow',15,9,9,'https://www.youtube.com/embed/cVqFG2pxK2A\r'),(107,'https://www.twoinchbrush.com/images/painting107.png','Forest_Down_Oval',15,10,12,'https://www.youtube.com/embed/COsJUfPN2dA\r'),(108,'https://www.twoinchbrush.com/images/painting108.png','Pathway_to_Autumn',15,11,12,'https://www.youtube.com/embed/Hg5RKc6xiL4\r'),(109,'https://www.twoinchbrush.com/images/painting109.png','Deep_Forest_Lake',15,12,13,'https://www.youtube.com/embed/2bjFmSQjQrw\r'),(110,'https://www.twoinchbrush.com/images/painting110.png','Peaks_of_Majesty',15,13,11,'https://www.youtube.com/embed/lTb8DN6G6dE\r'),(111,'https://www.twoinchbrush.com/images/painting111.png','Distant_Mountains',14,1,13,'https://www.youtube.com/embed/GpA9UM7QGag\r'),(112,'https://www.twoinchbrush.com/images/painting112.png','Meadow_Brook_Surprise',14,2,12,'https://www.youtube.com/embed/Ov5oIHTAa10\r'),(113,'https://www.twoinchbrush.com/images/painting113.png','Mountain_Moonlight_Oval',14,3,12,'https://www.youtube.com/embed/CigXQtT6BPM\r'),(114,'https://www.twoinchbrush.com/images/painting114.png','Snowy_Solitude',14,4,7,'https://www.youtube.com/embed/1ZriQGhSFTM\r'),(115,'https://www.twoinchbrush.com/images/painting115.png','Mountain_River',14,5,13,'https://www.youtube.com/embed/CnMLKAGi0yM\r'),(116,'https://www.twoinchbrush.com/images/painting116.png','Graceful_Mountains',14,6,12,'https://www.youtube.com/embed/0uVe8T-vVVg\r'),(117,'https://www.twoinchbrush.com/images/painting117.png','Windy_Waves',14,7,14,'https://www.youtube.com/embed/y6GVVjG4HMg\r'),(118,'https://www.twoinchbrush.com/images/painting118.png','On_a_Clear_Day',14,8,11,'https://www.youtube.com/embed/e63Cgln6Yag\r'),(119,'https://www.twoinchbrush.com/images/painting119.png','Riverside_Escape_Oval',14,9,13,'https://www.youtube.com/embed/d83REwSGfGo\r'),(120,'https://www.twoinchbrush.com/images/painting120.png','Surprising_Falls',14,10,13,'https://www.youtube.com/embed/QbclL1ca7_s\r'),(121,'https://www.twoinchbrush.com/images/painting121.png','Shadow_Pond',14,11,13,'https://www.youtube.com/embed/BQWJ3kqonpA\r'),(122,'https://www.twoinchbrush.com/images/painting122.png','Misty_Forest_Oval',14,12,12,'https://www.youtube.com/embed/ddU9vQvSpw8\r'),(123,'https://www.twoinchbrush.com/images/painting123.png','Natural_Wonder',14,13,11,'https://www.youtube.com/embed/knOutsaiKfU\r'),(124,'https://www.twoinchbrush.com/images/painting124.png','Rolling_Hills',13,1,12,'https://www.youtube.com/embed/H4GyGrT7lEQ\r'),(125,'https://www.twoinchbrush.com/images/painting125.png','Frozen_Solitude',13,2,5,'https://www.youtube.com/embed/kNZssD9zWlw\r'),(126,'https://www.twoinchbrush.com/images/painting126.png','Meadow_Brook',13,3,13,'https://www.youtube.com/embed/06W8GsWj2Yg\r'),(127,'https://www.twoinchbrush.com/images/painting127.png','Evening_at_Sunset',13,4,12,'https://www.youtube.com/embed/7ZUQTXuDPaI\r'),(128,'https://www.twoinchbrush.com/images/painting128.png','Mountain_View',13,5,11,'https://www.youtube.com/embed/dJfnAyDLwPY\r'),(129,'https://www.twoinchbrush.com/images/painting129.png','Hidden_Creek',13,6,10,'https://www.youtube.com/embed/KmoRz01bm0Y\r'),(130,'https://www.twoinchbrush.com/images/painting130.png','Peaceful_Haven',13,7,13,'https://www.youtube.com/embed/j20pZ96E_CE\r'),(131,'https://www.twoinchbrush.com/images/painting131.png','Mountain_Exhibition',13,8,10,'https://www.youtube.com/embed/bgI3_1quJ18\r'),(132,'https://www.twoinchbrush.com/images/painting132.png','Emerald_Waters',13,9,9,'https://www.youtube.com/embed/lLunPQBzW6g\r'),(133,'https://www.twoinchbrush.com/images/painting133.png','Mountain_Summit',13,10,12,'https://www.youtube.com/embed/kasGRkfkiPM\r'),(134,'https://www.twoinchbrush.com/images/painting134.png','Cabin_Hideaway',13,11,10,'https://www.youtube.com/embed/NjTlW2NL1Lo\r'),(135,'https://www.twoinchbrush.com/images/painting135.png','Oval_Essence',13,12,8,'https://www.youtube.com/embed/q7WXF_BSEXw\r'),(136,'https://www.twoinchbrush.com/images/painting136.png','Lost_Lake',13,13,12,'https://www.youtube.com/embed/9-ATP8xyDM0\r'),(137,'https://www.twoinchbrush.com/images/painting137.png','Golden_Knoll',12,1,7,'https://www.youtube.com/embed/-O0Bs65eN5w\r'),(138,'https://www.twoinchbrush.com/images/painting138.png','Mountain_Reflections',12,2,12,'https://www.youtube.com/embed/rzYpa4XGSnA\r'),(139,'https://www.twoinchbrush.com/images/painting139.png','Secluded_Mountain',12,3,13,'https://www.youtube.com/embed/3PZabdohLso\r'),(140,'https://www.twoinchbrush.com/images/painting140.png','Bright_Autumn_Trees',12,4,13,'https://www.youtube.com/embed/aR-C3h5zURM\r'),(141,'https://www.twoinchbrush.com/images/painting141.png','Black_Seascape',12,5,9,'https://www.youtube.com/embed/P_aCan4cBwc\r'),(142,'https://www.twoinchbrush.com/images/painting142.png','Steep_Mountains',12,6,12,'https://www.youtube.com/embed/fRK8_ioYWw4\r'),(143,'https://www.twoinchbrush.com/images/painting143.png','Quiet_Mountains_River',12,7,12,'https://www.youtube.com/embed/Leiw-FtADZc\r'),(144,'https://www.twoinchbrush.com/images/painting144.png','Evening_Waterfall',12,8,11,'https://www.youtube.com/embed/PutvF_P4588\r'),(145,'https://www.twoinchbrush.com/images/painting145.png','Tropical_Seascape',12,9,12,'https://www.youtube.com/embed/RrBsbqO9aqI\r'),(146,'https://www.twoinchbrush.com/images/painting146.png','Mountain_at_Sunset',12,10,13,'https://www.youtube.com/embed/HCsCatvigtw\r'),(147,'https://www.twoinchbrush.com/images/painting147.png','Soft_Mountain_Glow',12,11,12,'https://www.youtube.com/embed/gOGJYHWjXgE\r'),(148,'https://www.twoinchbrush.com/images/painting148.png','Mountain_in_an_Oval',12,12,11,'https://www.youtube.com/embed/1jRPshs27H8\r'),(149,'https://www.twoinchbrush.com/images/painting149.png','Winter_Mountain',12,13,7,'https://www.youtube.com/embed/46vI20697HI\r'),(150,'https://www.twoinchbrush.com/images/painting150.png','Mountain_Stream',11,1,12,'https://www.youtube.com/embed/xdFCj6BzQio\r'),(151,'https://www.twoinchbrush.com/images/painting151.png','Country_Cabin',11,2,7,'https://www.youtube.com/embed/Dkww2nHpuZw\r'),(152,'https://www.twoinchbrush.com/images/painting152.png','Daisy_Delight',11,3,10,'https://www.youtube.com/embed/HuHC1RqtvDA\r'),(153,'https://www.twoinchbrush.com/images/painting153.png','Hidden_Stream',11,4,12,'https://www.youtube.com/embed/JGzTg8fCj4w\r'),(154,'https://www.twoinchbrush.com/images/painting154.png','Towering_Glacier',11,5,12,'https://www.youtube.com/embed/67vdGbA3Xkg\r'),(155,'https://www.twoinchbrush.com/images/painting155.png','Oval_Barn',11,6,6,'https://www.youtube.com/embed/HqBhCibidNM\r'),(156,'https://www.twoinchbrush.com/images/painting156.png','Lakeside_Path',11,7,12,'https://www.youtube.com/embed/1yjGoJokbZg\r'),(157,'https://www.twoinchbrush.com/images/painting157.png','Sunset_Oval',11,8,11,'https://www.youtube.com/embed/9xG6IzcGotI\r'),(158,'https://www.twoinchbrush.com/images/painting158.png','Winter_Barn',11,9,6,'https://www.youtube.com/embed/_xkn0ceDreo\r'),(159,'https://www.twoinchbrush.com/images/painting159.png','Sunset_over_the_Waves',11,10,10,'https://www.youtube.com/embed/c4b_B2F1eZg\r'),(160,'https://www.twoinchbrush.com/images/painting160.png','Golden_Glow',11,11,8,'https://www.youtube.com/embed/aA8RhtaWACA\r'),(161,'https://www.twoinchbrush.com/images/painting161.png','Roadside_Barn',11,12,11,'https://www.youtube.com/embed/vJpKhiXvXdA\r'),(162,'https://www.twoinchbrush.com/images/painting162.png','Happy_Accident',11,13,11,'https://www.youtube.com/embed/Fw6odlNp7_8\r'),(163,'https://www.twoinchbrush.com/images/painting163.png','Towering_Peaks',10,1,13,'https://www.youtube.com/embed/1s58rW0_LN4\r'),(164,'https://www.twoinchbrush.com/images/painting164.png','Cabin_at_Sunset',10,2,12,'https://www.youtube.com/embed/a6Wil3OXNuI\r'),(165,'https://www.twoinchbrush.com/images/painting165.png','Twin_Falls',10,3,12,'https://www.youtube.com/embed/cMwkY8ojRik\r'),(166,'https://www.twoinchbrush.com/images/painting166.png','Secluded_Bridge',10,4,12,'https://www.youtube.com/embed/vrAMRxBB5KI\r'),(167,'https://www.twoinchbrush.com/images/painting167.png','Ocean_Breeze',10,5,12,'https://www.youtube.com/embed/XZmdzfvXRuw\r'),(168,'https://www.twoinchbrush.com/images/painting168.png','Autumn_Woods',10,6,12,'https://www.youtube.com/embed/vKyMU5Z8cDI\r'),(170,'https://www.twoinchbrush.com/images/painting170.png','Winter_Solitude',10,7,7,'https://www.youtube.com/embed/ov4YaCQB9co\r'),(171,'https://www.twoinchbrush.com/images/painting171.png','Golden_Sunset',10,8,12,'https://www.youtube.com/embed/CiNDyckERXQ\r'),(172,'https://www.twoinchbrush.com/images/painting172.png','Mountain_Oval',10,9,11,'https://www.youtube.com/embed/Qj6lMtnCt8o\r'),(173,'https://www.twoinchbrush.com/images/painting173.png','Ocean_Sunset',10,10,12,'https://www.youtube.com/embed/OJ_xqtvZf3o\r'),(174,'https://www.twoinchbrush.com/images/painting174.png','Triple_View',10,11,12,'https://www.youtube.com/embed/zoTeyliLn5o\r'),(175,'https://www.twoinchbrush.com/images/painting175.png','Winter_Frost',10,12,9,'https://www.youtube.com/embed/8satX-hLkuI\r'),(176,'https://www.twoinchbrush.com/images/painting176.png','Lakeside_Cabin',10,13,12,'https://www.youtube.com/embed/1l_TsfCIb_I\r'),(177,'https://www.twoinchbrush.com/images/painting177.png','Winter_Evergreens',9,1,9,'https://www.youtube.com/embed/O6L5YPt9CeU\r'),(178,'https://www.twoinchbrush.com/images/painting178.png','Surf\'s_Up',9,2,11,'https://www.youtube.com/embed/ZKxFvyyOBPQ\r'),(179,'https://www.twoinchbrush.com/images/painting179.png','Red_Sunset',9,3,11,'https://www.youtube.com/embed/e5JhYi_G-l0\r'),(180,'https://www.twoinchbrush.com/images/painting180.png','Meadow_Road',9,4,11,'https://www.youtube.com/embed/u5VT_WGM0kg\r'),(181,'https://www.twoinchbrush.com/images/painting181.png','Winter_Oval',9,5,7,'https://www.youtube.com/embed/pYWiLm_-sXw\r'),(182,'https://www.twoinchbrush.com/images/painting182.png','Secluded_Beach',9,6,11,'https://www.youtube.com/embed/WGUcw_kFvzU\r'),(183,'https://www.twoinchbrush.com/images/painting183.png','Forest_Hills',9,7,11,'https://www.youtube.com/embed/E3XW_Zp238U\r'),(184,'https://www.twoinchbrush.com/images/painting184.png','Little_House_by_the_Road',9,8,11,'https://www.youtube.com/embed/3CDg_9gL-5M\r'),(185,'https://www.twoinchbrush.com/images/painting185.png','Mountain_Path',9,9,11,'https://www.youtube.com/embed/e0VUprkc1n0\r'),(186,'https://www.twoinchbrush.com/images/painting186.png','Country_Charm',9,10,11,'https://www.youtube.com/embed/9wp8NRzCJnw\r'),(187,'https://www.twoinchbrush.com/images/painting187.png','Nature\'s_Paradise',9,11,11,'https://www.youtube.com/embed/7yU55PUls2c\r'),(188,'https://www.twoinchbrush.com/images/painting188.png','Mountain_by_the_Sea',9,12,13,'https://www.youtube.com/embed/so--opB-yuQ\r'),(189,'https://www.twoinchbrush.com/images/painting189.png','Mountain_Hideaway',9,13,12,'https://www.youtube.com/embed/q48EWPrbzVs\r'),(190,'https://www.twoinchbrush.com/images/painting190.png','Misty_Rolling_Hills',8,1,10,'https://www.youtube.com/embed/cC5ozePVKGI\r'),(191,'https://www.twoinchbrush.com/images/painting191.png','Lakeside_Cabin',8,2,12,'https://www.youtube.com/embed/CP6_5cQVZvQ\r'),(192,'https://www.twoinchbrush.com/images/painting192.png','Warm_Winter_Day',8,3,10,'https://www.youtube.com/embed/mUJoNLWQ1yI\r'),(193,'https://www.twoinchbrush.com/images/painting193.png','Waterside_Way',8,4,11,'https://www.youtube.com/embed/uj5FE70BcB0\r'),(194,'https://www.twoinchbrush.com/images/painting194.png','Hunter\'s_Haven',8,5,11,'https://www.youtube.com/embed/Da4SPyh1ATM\r'),(195,'https://www.twoinchbrush.com/images/painting195.png','Bubbling_Mountain_Brook',8,6,11,'https://www.youtube.com/embed/U2_SKgM3f4A\r'),(196,'https://www.twoinchbrush.com/images/painting196.png','Winter_Hideaway',8,7,10,'https://www.youtube.com/embed/19oz9XHZNzA\r'),(197,'https://www.twoinchbrush.com/images/painting197.png','Foot_of_the_Mountain',8,8,13,'https://www.youtube.com/embed/cIUBUc_ITBc\r'),(198,'https://www.twoinchbrush.com/images/painting198.png','Majestic_Pine',8,9,11,'https://www.youtube.com/embed/x5CoQj9zr-c\r'),(199,'https://www.twoinchbrush.com/images/painting199.png','Cactus_at_Sunset',8,10,10,'https://www.youtube.com/embed/XBqD3QhKU24\r'),(200,'https://www.twoinchbrush.com/images/painting200.png','Mountain_Range',8,11,10,'https://www.youtube.com/embed/V_l6olF3yHI\r'),(201,'https://www.twoinchbrush.com/images/painting201.png','Lonely_Retreat',8,12,10,'https://www.youtube.com/embed/qTDQt_PdlYc\r'),(202,'https://www.twoinchbrush.com/images/painting202.png','Northern_Lights',8,13,9,'https://www.youtube.com/embed/vgbMONXc9Cs\r'),(203,'https://www.twoinchbrush.com/images/painting203.png','Winter_Cabin',7,1,6,'https://www.youtube.com/embed/kdlHV6ceI_gw\r'),(204,'https://www.twoinchbrush.com/images/painting204.png','Secluded_Lake',7,2,12,'https://www.youtube.com/embed/2OxSJcFvpoU\r'),(205,'https://www.twoinchbrush.com/images/painting205.png','Evergreens_at_Sunset',7,3,7,'https://www.youtube.com/embed/YQPEy3hYGo8\r'),(206,'https://www.twoinchbrush.com/images/painting206.png','Mountain_Cabin',7,4,12,'https://www.youtube.com/embed/E3IAMvO8GyM\r'),(208,'https://www.twoinchbrush.com/images/painting208.png','Portrait_of_Sally',7,5,8,'https://www.youtube.com/embed/MHJB0IBnuD4\r'),(209,'https://www.twoinchbrush.com/images/painting209.png','Misty_Waterfall',7,6,11,'https://www.youtube.com/embed/530_cVmexiI\r'),(210,'https://www.twoinchbrush.com/images/painting210.png','Barn_at_Sunset',7,7,10,'https://www.youtube.com/embed/WT6n0K2zGnA\r'),(211,'https://www.twoinchbrush.com/images/painting211.png','Mountain_Splendor',7,8,11,'https://www.youtube.com/embed/GhOGZMpPUSE\r'),(212,'https://www.twoinchbrush.com/images/painting212.png','Lake_by_Mountain',7,9,11,'https://www.youtube.com/embed/yAiYirlcq7o\r'),(213,'https://www.twoinchbrush.com/images/painting213.png','Mountain_Glory',7,10,11,'https://www.youtube.com/embed/0M9pwLHRR2c\r'),(214,'https://www.twoinchbrush.com/images/painting214.png','Grey_Winter',7,11,3,'https://www.youtube.com/embed/sS-hNYgDUak\r'),(215,'https://www.twoinchbrush.com/images/painting215.png','Dock_Scene',7,12,9,'https://www.youtube.com/embed/4KYxkqlzyqM\r'),(216,'https://www.twoinchbrush.com/images/painting216.png','Dark_Waterfall',7,13,11,'https://www.youtube.com/embed/VqMbL00eZqw\r'),(217,'https://www.twoinchbrush.com/images/painting217.png','Blue_River',6,1,12,'https://www.youtube.com/embed/LygUyAb78oY\r'),(218,'https://www.twoinchbrush.com/images/painting218.png','Nature\'s_Edge',6,2,11,'https://www.youtube.com/embed/Bcqyzo85A1o\r'),(219,'https://www.twoinchbrush.com/images/painting219.png','Morning_Mist',6,3,10,'https://www.youtube.com/embed/wbZreRaE74k\r'),(220,'https://www.twoinchbrush.com/images/painting220.png','Whispering_Stream',6,4,11,'https://www.youtube.com/embed/QglIjlqsUdU\r'),(221,'https://www.twoinchbrush.com/images/painting221.png','Secluded_Forest',6,5,12,'https://www.youtube.com/embed/USkduOfwJok\r'),(222,'https://www.twoinchbrush.com/images/painting222.png','Snow_Trail',6,6,8,'https://www.youtube.com/embed/n9EsFFtwZnE\r'),(223,'https://www.twoinchbrush.com/images/painting223.png','Arctic_Beauty',6,7,11,'https://www.youtube.com/embed/UQ-RTZCOQn0\r'),(224,'https://www.twoinchbrush.com/images/painting224.png','Horizons_West',6,8,7,'https://www.youtube.com/embed/m6UM-rN2D6s\r'),(225,'https://www.twoinchbrush.com/images/painting225.png','High_Chateau',6,9,11,'https://www.youtube.com/embed/dafH8ks9Zww\r'),(226,'https://www.twoinchbrush.com/images/painting226.png','Country_Life',6,10,10,'https://www.youtube.com/embed/j8Jf7QVKLgQ\r'),(227,'https://www.twoinchbrush.com/images/painting227.png','Western_Expanse',6,11,11,'https://www.youtube.com/embed/MTInkV5ODjk\r'),(228,'https://www.twoinchbrush.com/images/painting228.png','Marshlands',6,12,11,'https://www.youtube.com/embed/Ugiwi8uizpg\r'),(229,'https://www.twoinchbrush.com/images/painting229.png','Blaze_of_Color',6,13,11,'https://www.youtube.com/embed/se7wOprxRGs\r'),(230,'https://www.twoinchbrush.com/images/painting230.png','Mountain_Waterfall',5,1,11,'https://www.youtube.com/embed/DqhzxdkdQS0\r'),(231,'https://www.twoinchbrush.com/images/painting231.png','Twilight_Meadow',5,2,12,'https://www.youtube.com/embed/6evqNlOO7Bw\r'),(232,'https://www.twoinchbrush.com/images/painting232.png','Mountain_Blossoms',5,3,5,'https://www.youtube.com/embed/UVhhStJAJZc\r'),(233,'https://www.twoinchbrush.com/images/painting233.png','Winter_Stillness',5,4,7,'https://www.youtube.com/embed/qg9c1SqdRko\r'),(234,'https://www.twoinchbrush.com/images/painting234.png','Quiet_Pond',5,5,10,'https://www.youtube.com/embed/aiK9xOIJtV8\r'),(235,'https://www.twoinchbrush.com/images/painting235.png','Ocean_Sunrise',5,6,6,'https://www.youtube.com/embed/u0Bz6TNUK1Q\r'),(236,'https://www.twoinchbrush.com/images/painting236.png','Bubbling_Brook',5,7,10,'https://www.youtube.com/embed/LiKCzeqn-kg\r'),(237,'https://www.twoinchbrush.com/images/painting237.png','Arizona_Splendor',5,8,9,'https://www.youtube.com/embed/spFwCh2616s\r'),(238,'https://www.twoinchbrush.com/images/painting238.png','Anatomy_of_a_Wave',5,9,6,'https://www.youtube.com/embed/DFQlu6eqrBo\r'),(239,'https://www.twoinchbrush.com/images/painting239.png','The_Windmill',5,10,11,'https://www.youtube.com/embed/xj8xsTSkbUk\r'),(240,'https://www.twoinchbrush.com/images/painting240.png','Autumn_Glory',5,11,8,'https://www.youtube.com/embed/yTzlm_t0RmY\r'),(241,'https://www.twoinchbrush.com/images/painting241.png','Indian_Girl',5,12,5,'https://www.youtube.com/embed/2uXMx8Kjs8I\r'),(242,'https://www.twoinchbrush.com/images/painting242.png','Meadow_Stream',5,13,11,'https://www.youtube.com/embed/87MMbN1bQCs\r'),(243,'https://www.twoinchbrush.com/images/painting243.png','Purple_Splendor',4,1,4,'https://www.youtube.com/embed/hP4GfMgsNVE\r'),(244,'https://www.twoinchbrush.com/images/painting244.png','Tranquil_Valley',4,2,10,'https://www.youtube.com/embed/PbchoOWWCZs\r'),(245,'https://www.twoinchbrush.com/images/painting245.png','Majestic_Mountains',4,3,12,'https://www.youtube.com/embed/NcVeRlPu_5w\r'),(246,'https://www.twoinchbrush.com/images/painting246.png','Winter_Sawscape',4,4,7,'https://www.youtube.com/embed/lmKAwKrONmE\r'),(247,'https://www.twoinchbrush.com/images/painting247.png','Evening_Seascape',4,5,10,'https://www.youtube.com/embed/y5k4GXw_-yI\r'),(248,'https://www.twoinchbrush.com/images/painting248.png','Warm_Summer_Day',4,6,11,'https://www.youtube.com/embed/GBN9AIw3Ao4\r'),(249,'https://www.twoinchbrush.com/images/painting249.png','Cabin_in_the_Woods',4,7,11,'https://www.youtube.com/embed/81QKellPA70\r'),(250,'https://www.twoinchbrush.com/images/painting250.png','Wetlands',4,8,10,'https://www.youtube.com/embed/2FpVyGanPwM\r'),(251,'https://www.twoinchbrush.com/images/painting251.png','Cool_Waters',4,9,12,'https://www.youtube.com/embed/tJRvBcqQd5A\r'),(252,'https://www.twoinchbrush.com/images/painting252.png','Quiet_Woods',4,10,11,'https://www.youtube.com/embed/wIZX57I4aDs\r'),(253,'https://www.twoinchbrush.com/images/painting253.png','Northwest_Majesty',4,11,10,'https://www.youtube.com/embed/9DU6bunvD_g\r'),(254,'https://www.twoinchbrush.com/images/painting254.png','Autumn_Days',4,12,12,'https://www.youtube.com/embed/VAdMkf-AAPM\r'),(255,'https://www.twoinchbrush.com/images/painting255.png','Mountain_Challenge',4,13,10,'https://www.youtube.com/embed/o2cjLA_wgIk\r'),(256,'https://www.twoinchbrush.com/images/painting256.png','Mountain_Retreat',3,1,12,'https://www.youtube.com/embed/hoimk4s8JoQ\r'),(257,'https://www.twoinchbrush.com/images/painting257.png','Blue_Moon',3,2,12,'https://www.youtube.com/embed/loit61vLUMc\r'),(258,'https://www.twoinchbrush.com/images/painting258.png','Bubbling_Stream',3,3,12,'https://www.youtube.com/embed/fuFalEXVN0k\r'),(259,'https://www.twoinchbrush.com/images/painting259.png','Winter_Night',3,4,7,'https://www.youtube.com/embed/8ysFkNYwhAE\r'),(260,'https://www.twoinchbrush.com/images/painting260.png','Distant_Hills',3,5,7,'https://www.youtube.com/embed/8Zge88tVwjE\r'),(261,'https://www.twoinchbrush.com/images/painting261.png','Covered_Bridge',3,6,10,'https://www.youtube.com/embed/OHSm8kLE7js\r'),(262,'https://www.twoinchbrush.com/images/painting262.png','Quiet_Inlet',3,7,10,'https://www.youtube.com/embed/9N5IWKzYIyU\r'),(263,'https://www.twoinchbrush.com/images/painting263.png','Night_Light',3,8,9,'https://www.youtube.com/embed/l141Y0x8om0\r'),(264,'https://www.twoinchbrush.com/images/painting264.png','The_Old_Mill',3,9,10,'https://www.youtube.com/embed/OFKFUJ9eDNs\r'),(265,'https://www.twoinchbrush.com/images/painting265.png','Campfire',3,10,8,'https://www.youtube.com/embed/L5bXkI0-pEg\r'),(266,'https://www.twoinchbrush.com/images/painting266.png','Rustic_Barn',3,11,12,'https://www.youtube.com/embed/WJJwrnFhUUg\r'),(267,'https://www.twoinchbrush.com/images/painting267.png','Hidden_Lake',3,12,10,'https://www.youtube.com/embed/P_DaqkFbnac\r'),(268,'https://www.twoinchbrush.com/images/painting268.png','Peaceful_Waters',3,13,9,'https://www.youtube.com/embed/Z0vtjRLqXcQ\r'),(269,'https://www.twoinchbrush.com/images/painting269.png','Meadow_Lake',2,1,12,'https://www.youtube.com/embed/GARWowi0QXI\r'),(270,'https://www.twoinchbrush.com/images/painting270.png','Winter_Sun',2,2,12,'https://www.youtube.com/embed/VPfYRj4DDco\r'),(271,'https://www.twoinchbrush.com/images/painting271.png','Ebony_Sea',2,3,13,'https://www.youtube.com/embed/aOJsKNzO3i8\r'),(272,'https://www.twoinchbrush.com/images/painting272.png','Shades_of_Grey',2,4,3,'https://www.youtube.com/embed/I-ousb8-SD0\r'),(273,'https://www.twoinchbrush.com/images/painting273.png','Autumn_Splendor',2,5,11,'https://www.youtube.com/embed/rTTWw5Gd79I\r'),(274,'https://www.twoinchbrush.com/images/painting274.png','Black_River',2,6,11,'https://www.youtube.com/embed/6O4sfJd8G_M\r'),(275,'https://www.twoinchbrush.com/images/painting275.png','Brown_Mountain',2,7,11,'https://www.youtube.com/embed/Vx6v47gHBWM\r'),(276,'https://www.twoinchbrush.com/images/painting276.png','Reflections',2,8,12,'https://www.youtube.com/embed/0FYfo94qefg\r'),(277,'https://www.twoinchbrush.com/images/painting277.png','Black_and_White_Seascape',2,9,12,'https://www.youtube.com/embed/PMDyPrE0puo\r'),(278,'https://www.twoinchbrush.com/images/painting278.png','Lazy_River',2,10,12,'https://www.youtube.com/embed/BW2wKKFvH1g\r'),(279,'https://www.twoinchbrush.com/images/painting279.png','Black_Waterfall',2,11,12,'https://www.youtube.com/embed/GzSqjyQUPZQ\r'),(280,'https://www.twoinchbrush.com/images/painting280.png','Mountain_Waterfall',2,12,12,'https://www.youtube.com/embed/9jIt95PCFAA\r'),(281,'https://www.twoinchbrush.com/images/painting281.png','Final_Grace',2,13,12,'https://www.youtube.com/embed/miJ19Kz_i3Y\r'),(282,'https://www.twoinchbrush.com/images/painting282.png','A_Walk_in_the_Woods',1,1,8,'https://www.youtube.com/embed/oh5p5f5_-7A\r'),(283,'https://www.twoinchbrush.com/images/painting283.png','Mt._McKinley',1,2,8,'https://www.youtube.com/embed/RInDWhYceLU\r'),(284,'https://www.twoinchbrush.com/images/painting284.png','Ebony_Sunset',1,3,9,'https://www.youtube.com/embed/UOziR7PoVco\r'),(285,'https://www.twoinchbrush.com/images/painting285.png','Winter_Mist',1,4,3,'https://www.youtube.com/embed/0pwoixRikn4\r'),(286,'https://www.twoinchbrush.com/images/painting286.png','Quiet_Stream',1,5,8,'https://www.youtube.com/embed/DFSIQNjKRfk\r'),(287,'https://www.twoinchbrush.com/images/painting287.png','Winter_Moon',1,6,4,'https://www.youtube.com/embed/loAzRUzx1wI\r'),(288,'https://www.twoinchbrush.com/images/painting288.png','Autumn_Mountain',1,7,8,'https://www.youtube.com/embed/sDdpc8uisD0\r'),(289,'https://www.twoinchbrush.com/images/painting289.png','Peaceful_Valley',1,8,8,'https://www.youtube.com/embed/kQlFwTOkYzg\r'),(290,'https://www.twoinchbrush.com/images/painting290.png','Seascape',1,9,8,'https://www.youtube.com/embed/QxcS7p1VHyQ\r'),(291,'https://www.twoinchbrush.com/images/painting291.png','Mountain_Lake',1,10,8,'https://www.youtube.com/embed/wDnLlywAL5I\r'),(292,'https://www.twoinchbrush.com/images/painting292.png','Winter_Glow',1,11,8,'https://www.youtube.com/embed/Q03YvknOVe0\r'),(293,'https://www.twoinchbrush.com/images/painting293.png','Snow_Fall',1,12,4,'https://www.youtube.com/embed/4E35-8x_y04\r'),(294,'https://www.twoinchbrush.com/images/painting294.png','Final_Reflections',1,13,8,'https://www.youtube.com/embed/IEQWfszfRlA\r'),(295,'https://www.twoinchbrush.com/images/painting295.png','Frosty_Winter_Morn',23,1,8,'https://www.youtube.com/embed/1-9_enMBquw\r'),(296,'https://www.twoinchbrush.com/images/painting296.png','Forest_Edge',23,2,12,'https://www.youtube.com/embed/puGk2iFvvp0\r'),(297,'https://www.twoinchbrush.com/images/painting297.png','Mountain_Ridge_Lake',23,3,12,'https://www.youtube.com/embed/Hq-z06i6HCs\r'),(298,'https://www.twoinchbrush.com/images/painting298.png','Reflections_of_Gold',23,4,10,'https://www.youtube.com/embed/8f9CCnqJ_1Y\r'),(299,'https://www.twoinchbrush.com/images/painting299.png','Quiet_Cove',23,5,11,'https://www.youtube.com/embed/cR9hTbSomx4\r'),(300,'https://www.twoinchbrush.com/images/painting300.png','Rivers_Peace',23,6,13,'https://www.youtube.com/embed/flCWS9LB4Ks\r'),(301,'https://www.twoinchbrush.com/images/painting301.png','At_Dawn\'s_Light',23,7,9,'https://www.youtube.com/embed/HFdTxqEznIk\r'),(302,'https://www.twoinchbrush.com/images/painting302.png','Valley_Waterfall',23,8,15,'https://www.youtube.com/embed/VYcsYzzRae4\r'),(303,'https://www.twoinchbrush.com/images/painting303.png','Toward_Days_End',23,9,13,'https://www.youtube.com/embed/cFi_fJl40BA\r'),(304,'https://www.twoinchbrush.com/images/painting304.png','Falls_in_the_Glen',23,10,14,'https://www.youtube.com/embed/txAtX-VyVNc\r'),(305,'https://www.twoinchbrush.com/images/painting305.png','Frozen_Beauty_in_Vignette',23,11,9,'https://www.youtube.com/embed/H15kV1wbDG4\r'),(306,'https://www.twoinchbrush.com/images/painting306.png','Crimson_Tide',23,12,8,'https://www.youtube.com/embed/Y7SDU4i6Fco\r'),(307,'https://www.twoinchbrush.com/images/painting307.png','Winter_Bliss',23,13,7,'https://www.youtube.com/embed/yInYwy6AsDQ\r'),(308,'https://www.twoinchbrush.com/images/painting308.png','Gray_Mountain',24,1,13,'https://www.youtube.com/embed/4XxClvPZ1RE\r'),(309,'https://www.twoinchbrush.com/images/painting309.png','Wayside_Pond',24,2,11,'https://www.youtube.com/embed/FPW2FwK4IOo\r'),(310,'https://www.twoinchbrush.com/images/painting310.png','Teton_Winter',24,3,6,'https://www.youtube.com/embed/I4h6TC4CPJY\r'),(311,'https://www.twoinchbrush.com/images/painting311.png','Little_Home_in_the_Meadow',24,4,12,'https://www.youtube.com/embed/nU1zV93N-kI\r'),(312,'https://www.twoinchbrush.com/images/painting312.png','A_Pretty_Autumn_Day',24,5,13,'https://www.youtube.com/embed/HWedDS3p7XI\r'),(313,'https://www.twoinchbrush.com/images/painting313.png','Mirrored_Images',24,6,12,'https://www.youtube.com/embed/i29frkR1T98\r'),(314,'https://www.twoinchbrush.com/images/painting314.png','Back-Country_Path',24,7,11,'https://www.youtube.com/embed/2iNMoQB1Pe8\r'),(315,'https://www.twoinchbrush.com/images/painting315.png','Graceful_Waterfall',24,8,15,'https://www.youtube.com/embed/fBh1nA4pMDY\r'),(316,'https://www.twoinchbrush.com/images/painting316.png','Icy_Lake',24,9,11,'https://www.youtube.com/embed/AmBDmgta3l4\r'),(317,'https://www.twoinchbrush.com/images/painting317.png','Rowboat_on_the_Beach',24,10,8,'https://www.youtube.com/embed/hfvhXOvg43w\r'),(318,'https://www.twoinchbrush.com/images/painting318.png','Portrait_of_Winter',24,11,5,'https://www.youtube.com/embed/JLnIUGOupOA\r'),(319,'https://www.twoinchbrush.com/images/painting319.png','The_Footbridge',24,12,13,'https://www.youtube.com/embed/RqtDliGeyTg\r'),(320,'https://www.twoinchbrush.com/images/painting320.png','Snowbound_Cabin',24,13,8,'https://www.youtube.com/embed/obSLZWXmDak\r'),(321,'https://www.twoinchbrush.com/images/painting321.png','Hide_A_Way_Cove',25,1,13,'https://www.youtube.com/embed/l_HqMYquc08\r'),(322,'https://www.twoinchbrush.com/images/painting322.png','Enchanted_Falls_Oval',25,2,6,'https://www.youtube.com/embed/HklPkQ0lSKA\r'),(323,'https://www.twoinchbrush.com/images/painting323.png','Not_Quite_Spring',25,3,9,'https://www.youtube.com/embed/N_u6x7LeyTM\r'),(324,'https://www.twoinchbrush.com/images/painting324.png','Splashes_of_Autumn',25,4,14,'https://www.youtube.com/embed/YcbaMqq_X8s\r'),(325,'https://www.twoinchbrush.com/images/painting325.png','Summer_in_the_Mountain',25,5,11,'https://www.youtube.com/embed/gmCXgS38NDc\r'),(326,'https://www.twoinchbrush.com/images/painting326.png','Oriental_Falls',25,6,11,'https://www.youtube.com/embed/v8Znj8bbmCQ\r'),(327,'https://www.twoinchbrush.com/images/painting327.png','Autumn_Palette',25,7,13,'https://www.youtube.com/embed/HWrvW-NgaOY\r'),(328,'https://www.twoinchbrush.com/images/painting328.png','Cypress_Swamp',25,8,12,'https://www.youtube.com/embed/FdIUHudQABI\r'),(329,'https://www.twoinchbrush.com/images/painting329.png','Downstream_View',25,9,14,'https://www.youtube.com/embed/KsDPg5HZYNw\r'),(330,'https://www.twoinchbrush.com/images/painting330.png','Just_Before_the_Storm',25,10,8,'https://www.youtube.com/embed/Rh-jKrMrmOA\r'),(331,'https://www.twoinchbrush.com/images/painting331.png','Fisherman\'s_Paradise',25,11,12,'https://www.youtube.com/embed/uJLK85uU5mA\r'),(332,'https://www.twoinchbrush.com/images/painting332.png','Desert_Hues',25,12,11,'https://www.youtube.com/embed/UUNNXGVNTuI\r'),(333,'https://www.twoinchbrush.com/images/painting333.png','The_Property_Line',25,13,11,'https://www.youtube.com/embed/ivesI3rU7dU\r'),(334,'https://www.twoinchbrush.com/images/painting334.png','In_the_Stillness_of_Morning',26,1,10,'https://www.youtube.com/embed/5rfGa1_iJpw\r'),(335,'https://www.twoinchbrush.com/images/painting335.png','Delightful_Meadow_Home',26,2,9,'https://www.youtube.com/embed/tWoInh2USOs\r'),(336,'https://www.twoinchbrush.com/images/painting336.png','First_Snow',26,3,12,'https://www.youtube.com/embed/raAkJKeo0Sk\r'),(337,'https://www.twoinchbrush.com/images/painting337.png','Lake_in_the_Valley',26,4,15,'https://www.youtube.com/embed/KvJmSrErm20\r'),(338,'https://www.twoinchbrush.com/images/painting338.png','A_Trace_of_Spring',26,5,13,'https://www.youtube.com/embed/JMPwj3u4ZTA\r'),(339,'https://www.twoinchbrush.com/images/painting339.png','An_Arctic_Winter_Day',26,6,6,'https://www.youtube.com/embed/9BHWlbjd95c\r'),(340,'https://www.twoinchbrush.com/images/painting340.png','Snow_Birch',26,7,5,'https://www.youtube.com/embed/wKeemvioVrM\r'),(341,'https://www.twoinchbrush.com/images/painting341.png','Early_Autumn',26,8,12,'https://www.youtube.com/embed/SLQXlFLoqQc\r'),(342,'https://www.twoinchbrush.com/images/painting342.png','Tranquil_Wooded_Stream',26,9,12,'https://www.youtube.com/embed/lSeRrm5ZK9c\r'),(343,'https://www.twoinchbrush.com/images/painting343.png','Purple_Mountain_Range',26,10,13,'https://www.youtube.com/embed/nkDA_R-XmqA\r'),(344,'https://www.twoinchbrush.com/images/painting344.png','Storm\'s_A_Comin',26,11,10,'https://www.youtube.com/embed/EHD9u-lo2wc\r'),(345,'https://www.twoinchbrush.com/images/painting345.png','Sunset_Aglow',26,12,12,'https://www.youtube.com/embed/gMEZp47VKC0\r'),(346,'https://www.twoinchbrush.com/images/painting346.png','Evening_at_the_Falls',26,13,7,'https://www.youtube.com/embed/RulXVcpgpqw\r'),(347,'https://www.twoinchbrush.com/images/painting347.png','Twilight_Beauty',27,1,11,'https://www.youtube.com/embed/0mJqzzeWyXs\r'),(348,'https://www.twoinchbrush.com/images/painting348.png','Angler\'s_Haven',27,2,15,'https://www.youtube.com/embed/XlwfcXZ0AIU\r'),(349,'https://www.twoinchbrush.com/images/painting349.png','Rustic_Winter_Woods',27,3,6,'https://www.youtube.com/embed/3q8Zi9480lw\r'),(350,'https://www.twoinchbrush.com/images/painting350.png','Wilderness_Falls',27,4,15,'https://www.youtube.com/embed/gxd0MPX8c6I\r'),(351,'https://www.twoinchbrush.com/images/painting351.png','Winter_at_the_Farm',27,5,7,'https://www.youtube.com/embed/LeIVNKnWz7o\r'),(352,'https://www.twoinchbrush.com/images/painting352.png','Daisies_at_Dawn',27,6,8,'https://www.youtube.com/embed/_kkZcIgocBM\r'),(353,'https://www.twoinchbrush.com/images/painting353.png','A_Spectacular_View',27,7,11,'https://www.youtube.com/embed/7R9HcaDT9P4\r'),(354,'https://www.twoinchbrush.com/images/painting354.png','Daybreak',27,8,7,'https://www.youtube.com/embed/crWDcTvDmec\r'),(355,'https://www.twoinchbrush.com/images/painting355.png','Island_Paradise',27,9,12,'https://www.youtube.com/embed/Cg3XAVhAas0\r'),(356,'https://www.twoinchbrush.com/images/painting356.png','Sunlight_in_the_Shadows',27,10,7,'https://www.youtube.com/embed/xgjQ0v2d9mE\r'),(357,'https://www.twoinchbrush.com/images/painting357.png','Splendor_of_a_Snowy_Winter',27,11,9,'https://www.youtube.com/embed/JdXCoxkOdwQ\r'),(358,'https://www.twoinchbrush.com/images/painting358.png','Forest_River',27,12,14,'https://www.youtube.com/embed/wrbGlR22K0Q\r'),(359,'https://www.twoinchbrush.com/images/painting359.png','Golden_Glow_of_Morning',27,13,9,'https://www.youtube.com/embed/qXElmiqzcI0\r'),(360,'https://www.twoinchbrush.com/images/painting360.png','Fisherman\'s_Trail',28,1,12,'https://www.youtube.com/embed/VnZEpic2UzU\r'),(361,'https://www.twoinchbrush.com/images/painting361.png','A_Warm_Winter',28,2,9,'https://www.youtube.com/embed/_TTdw3YnXuo\r'),(362,'https://www.twoinchbrush.com/images/painting362.png','Under_Pastel_Skies',28,3,12,'https://www.youtube.com/embed/lzODyJS2ZIg\r'),(363,'https://www.twoinchbrush.com/images/painting363.png','Golden_Rays_of_Sunshine',28,4,8,'https://www.youtube.com/embed/zxj3xLDNxo0\r'),(364,'https://www.twoinchbrush.com/images/painting364.png','The_Magic_of_Fall',28,5,10,'https://www.youtube.com/embed/bSm3fmEyJ20\r'),(365,'https://www.twoinchbrush.com/images/painting365.png','Glacier_Lake',28,6,12,'https://www.youtube.com/embed/TohG7F8M3Ls\r'),(366,'https://www.twoinchbrush.com/images/painting366.png','The_Old_Weathered_Barn',28,7,9,'https://www.youtube.com/embed/NYUIIBFj0iQ\r'),(367,'https://www.twoinchbrush.com/images/painting367.png','Deep_Forest_Falls',28,8,13,'https://www.youtube.com/embed/urHQRbRNuYI\r'),(368,'https://www.twoinchbrush.com/images/painting368.png','Winter\'s_Grace',28,9,4,'https://www.youtube.com/embed/mxJ2On9wyvY\r'),(369,'https://www.twoinchbrush.com/images/painting369.png','Splendor_of_Autumn',28,10,11,'https://www.youtube.com/embed/hEyR2FDp-00\r'),(370,'https://www.twoinchbrush.com/images/painting370.png','Tranquil_Seas',28,11,11,'https://www.youtube.com/embed/kN1DP_yqs-A\r'),(371,'https://www.twoinchbrush.com/images/painting371.png','Mountain_Serenity',28,12,13,'https://www.youtube.com/embed/wc_YVijYjT4\r'),(372,'https://www.twoinchbrush.com/images/painting372.png','Home_Before_Nightfall',28,13,8,'https://www.youtube.com/embed/22SiIDvyJeM\r'),(373,'https://www.twoinchbrush.com/images/painting373.png','Island_in_the_Wilderness',29,1,13,'https://www.youtube.com/embed/lLWEXRAnQd0\r'),(374,'https://www.twoinchbrush.com/images/painting374.png','Autumn_Oval',29,2,10,'https://www.youtube.com/embed/2XnIdinwot0\r'),(375,'https://www.twoinchbrush.com/images/painting375.png','Seasonal_Progression',29,3,13,'https://www.youtube.com/embed/T2G5waMfQ-g\r'),(376,'https://www.twoinchbrush.com/images/painting376.png','Light_at_the_Summit',29,4,14,'https://www.youtube.com/embed/HOdS-G8p1KE\r'),(377,'https://www.twoinchbrush.com/images/painting377.png','Countryside_Barn',29,5,12,'https://www.youtube.com/embed/G7Etn7QMeO4\r'),(378,'https://www.twoinchbrush.com/images/painting378.png','Mountain_Lake_Falls',29,6,9,'https://www.youtube.com/embed/dNEp3hoHSDI\r'),(379,'https://www.twoinchbrush.com/images/painting379.png','Cypress_Creek',29,7,11,'https://www.youtube.com/embed/Tnb2cXKKuWM\r'),(380,'https://www.twoinchbrush.com/images/painting380.png','Trapper\'s_Cabin',29,8,12,'https://www.youtube.com/embed/chhCkmp0RG8\r'),(381,'https://www.twoinchbrush.com/images/painting381.png','Storm_on_the_Horizon',29,9,9,'https://www.youtube.com/embed/pA_2paUhBAQ\r'),(382,'https://www.twoinchbrush.com/images/painting382.png','Pot_O\'_Posies',29,10,6,'https://www.youtube.com/embed/2zv_S_uVoVQ\r'),(383,'https://www.twoinchbrush.com/images/painting383.png','A_Perfect_Winter_Day',29,11,7,'https://www.youtube.com/embed/Io4fwhacpEs\r'),(384,'https://www.twoinchbrush.com/images/painting384.png','Aurora\'s_Dance',29,12,9,'https://www.youtube.com/embed/iRMsb9Vf7GM\r'),(385,'https://www.twoinchbrush.com/images/painting385.png','Woodman\'s_Retreat',29,13,12,'https://www.youtube.com/embed/ODrV0dfQcNs\r'),(386,'https://www.twoinchbrush.com/images/painting386.png','Babbling_Brook',30,1,12,'https://www.youtube.com/embed/ZHUdS0wEaKk\r'),(387,'https://www.twoinchbrush.com/images/painting387.png','Woodgrain_View',30,2,13,'https://www.youtube.com/embed/fcx1yUuSf3o\r'),(388,'https://www.twoinchbrush.com/images/painting388.png','Winter\'s_Peace',30,3,10,'https://www.youtube.com/embed/Xzv3iiWi1Wo\r'),(389,'https://www.twoinchbrush.com/images/painting389.png','Wilderness_Trail',30,4,13,'https://www.youtube.com/embed/vGsW_6BCukU\r'),(390,'https://www.twoinchbrush.com/images/painting390.png','A_Copper_Winter',30,5,13,'https://www.youtube.com/embed/BSjee-ond7w\r'),(391,'https://www.twoinchbrush.com/images/painting391.png','Misty_Foothills',30,6,10,'https://www.youtube.com/embed/LEz4UVL7POE\r'),(392,'https://www.twoinchbrush.com/images/painting392.png','Through_the_Window',30,7,7,'https://www.youtube.com/embed/SrN4A9rVXj0\r'),(393,'https://www.twoinchbrush.com/images/painting393.png','Home_in_the_Valley',30,8,13,'https://www.youtube.com/embed/enutOy-nsZk\r'),(394,'https://www.twoinchbrush.com/images/painting394.png','Mountains_of_Grace',30,9,11,'https://www.youtube.com/embed/nXlu_Q0sR7c\r'),(395,'https://www.twoinchbrush.com/images/painting395.png','Seaside_Harmony',30,10,12,'https://www.youtube.com/embed/CY6sGFs209E\r'),(396,'https://www.twoinchbrush.com/images/painting396.png','A_Cold_Spring_Day',30,11,13,'https://www.youtube.com/embed/jq8bIbpW7DQ\r'),(397,'https://www.twoinchbrush.com/images/painting397.png','Evening\'s_Glow',30,12,10,'https://www.youtube.com/embed/eTEKGOi6SVg\r'),(398,'https://www.twoinchbrush.com/images/painting398.png','Blue_Ridge_Falls',30,13,12,'https://www.youtube.com/embed/fz0YjqtHW84\r'),(399,'https://www.twoinchbrush.com/images/painting399.png','Reflections_of_Calm',31,1,12,'https://www.youtube.com/embed/kJFB6rH3z2A\r'),(400,'https://www.twoinchbrush.com/images/painting400.png','Before_the_Snowfall',31,2,7,'https://www.youtube.com/embed/_MdMhQIOL1Y\r'),(401,'https://www.twoinchbrush.com/images/painting401.png','Winding_Stream',31,3,13,'https://www.youtube.com/embed/QDwd4pMYyuo\r'),(402,'https://www.twoinchbrush.com/images/painting402.png','Tranquility_Cove',31,4,11,'https://www.youtube.com/embed/7t6ue0pEcNE\r'),(403,'https://www.twoinchbrush.com/images/painting403.png','Cabin_in_the_Hollow',31,5,7,'https://www.youtube.com/embed/KYlM2zJnNWY\r'),(404,'https://www.twoinchbrush.com/images/painting404.png','View_from_Clear_Creek',31,6,13,'https://www.youtube.com/embed/TLX1bmS8wBE\r'),(405,'https://www.twoinchbrush.com/images/painting405.png','Bridge_to_Autumn',31,7,11,'https://www.youtube.com/embed/ReENCTH7MYI\r'),(406,'https://www.twoinchbrush.com/images/painting406.png','Trail\'s_End',31,8,10,'https://www.youtube.com/embed/XWQrP-WiLgc\r'),(407,'https://www.twoinchbrush.com/images/painting407.png','Evergreen_Valley',31,9,14,'https://www.youtube.com/embed/mEU0stNfkxI\r'),(408,'https://www.twoinchbrush.com/images/painting408.png','Balmy_Beach',31,10,13,'https://www.youtube.com/embed/kMgd6r6c4vE\r'),(409,'https://www.twoinchbrush.com/images/painting409.png','Lake_at_the_Ridge',31,11,12,'https://www.youtube.com/embed/8QWvzEQ69Kw\r'),(410,'https://www.twoinchbrush.com/images/painting410.png','In_the_Midst_of_Winter',31,12,7,'https://www.youtube.com/embed/qx2IsmrCs3c\r'),(411,'https://www.twoinchbrush.com/images/painting411.png','Wilderness_Day',31,13,12,'https://www.youtube.com/embed/nJGCVFn57U8\r');
/*!40000 ALTER TABLE `paintings` ENABLE KEYS */;
UNLOCK TABLES;

--
-- Table structure for table `subjects`
--

DROP TABLE IF EXISTS `subjects`;
/*!40101 SET @saved_cs_client     = @@character_set_client */;
/*!50503 SET character_set_client = utf8mb4 */;
CREATE TABLE `subjects` (
  `subject_id` int NOT NULL AUTO_INCREMENT,
  `subject_name` varchar(255) NOT NULL,
  PRIMARY KEY (`subject_id`)
) ENGINE=InnoDB AUTO_INCREMENT=68 DEFAULT CHARSET=utf8mb4 COLLATE=utf8mb4_0900_ai_ci;
/*!40101 SET character_set_client = @saved_cs_client */;

--
-- Dumping data for table `subjects`
--

LOCK TABLES `subjects` WRITE;
/*!40000 ALTER TABLE `subjects` DISABLE KEYS */;
INSERT INTO `subjects` VALUES (1,'apple_frame'),(2,'aurora_borealis'),(3,'barn'),(4,'beach'),(5,'boat'),(6,'bridge'),(7,'building'),(8,'bushes'),(9,'cabin'),(10,'cactus'),(11,'circle_frame'),(12,'cirrus'),(13,'cliff'),(14,'clouds'),(15,'conifer'),(16,'cumulus'),(17,'deciduous'),(18,'diane_andre'),(19,'dock'),(20,'double_oval_frame'),(21,'farm'),(22,'fence'),(23,'fire'),(24,'florida_frame'),(25,'flowers'),(26,'fog'),(27,'framed'),(28,'grass'),(29,'guest'),(30,'half_circle_frame'),(31,'half_oval_frame'),(32,'hills'),(33,'lake'),(34,'lakes'),(35,'lighthouse'),(36,'mill'),(37,'moon'),(38,'mountain'),(39,'mountains'),(40,'night'),(41,'ocean'),(42,'oval_frame'),(43,'palm_trees'),(44,'path'),(45,'person'),(46,'portrait'),(47,'rectangle_3d_frame'),(48,'rectangular_frame'),(49,'river'),(50,'rocks'),(51,'seashell_frame'),(52,'snow'),(53,'snowy_mountain'),(54,'split_frame'),(55,'steve_ross'),(56,'structure'),(57,'sun'),(58,'tomb_frame'),(59,'tree'),(60,'trees'),(61,'triple_frame'),(62,'waterfall'),(63,'waves'),(64,'windmill'),(65,'window_frame'),(66,'winter'),(67,'wood_framed');
/*!40000 ALTER TABLE `subjects` ENABLE KEYS */;
UNLOCK TABLES;
/*!40103 SET TIME_ZONE=@OLD_TIME_ZONE */;

/*!40101 SET SQL_MODE=@OLD_SQL_MODE */;
/*!40014 SET FOREIGN_KEY_CHECKS=@OLD_FOREIGN_KEY_CHECKS */;
/*!40014 SET UNIQUE_CHECKS=@OLD_UNIQUE_CHECKS */;
/*!40101 SET CHARACTER_SET_CLIENT=@OLD_CHARACTER_SET_CLIENT */;
/*!40101 SET CHARACTER_SET_RESULTS=@OLD_CHARACTER_SET_RESULTS */;
/*!40101 SET COLLATION_CONNECTION=@OLD_COLLATION_CONNECTION */;
/*!40111 SET SQL_NOTES=@OLD_SQL_NOTES */;

-- Dump completed on 2024-12-02  6:32:31
